,topic,doc_name,entity_num,sentence_num,start_token,end_token,cluster_id
0,35,35_10ecb.xml,0,0,3,3,17642029846412556
1,35,35_10ecb.xml,1,1,16,18,200000019
2,35,35_10ecb.xml,2,1,20,20,17642029846412556
3,35,35_10ecb.xml,3,1,29,29,17641874250660065
4,35,35_10ecb.xml,4,1,31,31,200000016
5,35,35_10ecb.xml,5,2,33,33,200000015
6,35,35_10ecb.xml,6,2,34,36,200000017
7,35,35_10ecb.xml,7,2,40,40,17642029846412556
8,35,35_10ecb.xml,8,2,45,47,17641855361550379
9,35,35_10ecb.xml,9,2,48,50,17642124854683404
10,35,35_10ecb.xml,10,2,54,54,200000018
11,35,35_11ecbplus.xml,11,1,30,32,17641874250660065
12,35,35_11ecbplus.xml,12,1,33,34,17641893957687535
13,35,35_11ecbplus.xml,13,2,38,39,17641893957687535
14,35,35_11ecbplus.xml,14,2,42,43,17641893957687535
15,35,35_11ecbplus.xml,15,2,46,48,17641874250660065
16,35,35_11ecbplus.xml,16,2,56,64,17641946118591245
17,35,35_11ecbplus.xml,17,4,83,83,17641893957687535
18,35,35_11ecbplus.xml,18,4,90,94,17641966698097996
19,35,35_10ecbplus.xml,19,1,35,37,17641893957687535
20,35,35_10ecbplus.xml,20,3,49,51,17641874250660065
21,35,35_10ecbplus.xml,21,3,52,55,17641893957687535
22,35,35_10ecbplus.xml,22,3,65,65,17641874250660065
23,35,35_10ecbplus.xml,23,3,68,68,16240238425752332
24,35,35_10ecbplus.xml,24,3,72,75,28633847239189941
25,35,35_10ecbplus.xml,25,4,77,77,17641893957687535
26,35,35_10ecbplus.xml,26,4,83,84,17641946118591245
27,35,35_10ecbplus.xml,27,4,85,91,17641966698097996
28,35,35_10ecbplus.xml,28,4,94,96,17641855361550379
29,35,35_1ecb.xml,29,1,29,30,17642029846412556
30,35,35_1ecb.xml,30,1,32,32,200000020
31,35,35_1ecb.xml,31,1,37,38,17666661445836424
32,35,35_1ecb.xml,32,2,40,40,17642029846412556
33,35,35_1ecb.xml,33,2,47,49,17642124854683404
34,35,35_1ecb.xml,34,2,52,54,17641855361550379
35,35,35_1ecbplus.xml,35,1,32,32,17641874250660065
36,35,35_1ecbplus.xml,36,1,33,34,17641893957687535
37,35,35_1ecbplus.xml,37,3,49,49,17641874250660065
38,35,35_1ecbplus.xml,38,3,50,53,17641893957687535
39,35,35_1ecbplus.xml,39,3,63,63,17641874250660065
40,35,35_1ecbplus.xml,40,3,64,64,17665656195275402
41,35,35_1ecbplus.xml,41,3,68,71,28633847239189941
42,35,35_1ecbplus.xml,42,4,73,73,17641893957687535
43,35,35_1ecbplus.xml,43,4,79,80,17641946118591245
44,35,35_1ecbplus.xml,44,4,81,85,17641966698097996
45,35,35_1ecbplus.xml,45,4,88,90,17641855361550379
46,35,35_2ecbplus.xml,46,1,25,25,17641874250660065
47,35,35_2ecbplus.xml,47,1,26,28,17641893957687535
48,35,35_2ecbplus.xml,48,3,44,44,17641874250660065
49,35,35_2ecbplus.xml,49,3,45,48,17641893957687535
50,35,35_2ecbplus.xml,50,3,51,52,17641946118591245
51,35,35_2ecbplus.xml,51,3,59,59,17641893957687535
52,35,35_2ecbplus.xml,52,3,62,65,17641966698097996
53,35,35_2ecbplus.xml,53,3,68,70,17641855361550379
54,35,35_2ecb.xml,54,0,1,1,17642029846412556
55,35,35_2ecb.xml,55,1,7,7,200000022
56,35,35_2ecb.xml,56,1,16,17,17642124854683404
57,35,35_2ecb.xml,57,1,21,22,17642029846412556
58,35,35_2ecb.xml,58,1,26,26,17711540937954425
59,35,35_2ecb.xml,59,1,28,28,200000021
60,35,35_2ecb.xml,60,1,32,33,17666661445836424
61,35,35_2ecb.xml,61,9,177,177,17642029846412556
62,35,35_2ecb.xml,62,9,181,181,200000024
63,35,35_2ecb.xml,63,17,314,315,200000023
64,35,35_2ecb.xml,64,17,321,321,17642029846412556
65,35,35_3ecbplus.xml,65,1,32,32,17641893957687535
66,35,35_3ecbplus.xml,66,1,39,39,17641874250660065
67,35,35_3ecb.xml,67,0,2,2,17642029846412556
68,35,35_3ecb.xml,68,1,10,11,17642029846412556
69,35,35_3ecb.xml,69,1,19,21,17642124854683404
70,35,35_3ecb.xml,70,1,28,28,200000025
71,35,35_3ecb.xml,71,2,32,32,200000027
72,35,35_3ecb.xml,72,2,34,34,17642029846412556
73,35,35_3ecb.xml,73,2,35,38,17642124854683404
74,35,35_3ecb.xml,74,2,41,41,17642029846412556
75,35,35_3ecb.xml,75,2,46,46,17642029846412556
76,35,35_3ecb.xml,76,2,53,53,200000028
77,35,35_3ecb.xml,77,2,58,59,17711540937954425
78,35,35_3ecb.xml,78,2,60,61,17666661445836424
79,35,35_3ecb.xml,79,2,64,64,200000026
80,35,35_5ecbplus.xml,80,1,18,18,17641874250660065
81,35,35_5ecbplus.xml,81,1,20,21,17641893957687535
82,35,35_5ecbplus.xml,82,3,30,30,17641874250660065
83,35,35_5ecbplus.xml,83,3,31,34,17641893957687535
84,35,35_5ecbplus.xml,84,3,37,38,17641946118591245
85,35,35_4ecb.xml,85,2,25,26,17642029846412556
86,35,35_4ecb.xml,86,2,29,29,17642124854683404
87,35,35_5ecb.xml,87,0,3,3,17642029846412556
88,35,35_5ecb.xml,88,1,10,11,17642029846412556
89,35,35_5ecb.xml,89,1,14,14,17642124854683404
90,35,35_4ecbplus.xml,90,1,28,30,17641893957687535
91,35,35_4ecbplus.xml,91,4,69,71,17641855361550379
92,35,35_4ecbplus.xml,92,4,73,76,17641893957687535
93,35,35_4ecbplus.xml,93,4,84,85,17641946118591245
94,35,35_4ecbplus.xml,94,4,86,90,17641966698097996
95,35,35_7ecb.xml,95,0,4,4,17642029846412556
96,35,35_7ecb.xml,96,3,48,49,17642029846412556
97,35,35_7ecb.xml,97,3,52,52,17642124854683404
98,35,35_7ecbplus.xml,98,1,17,17,17641874250660065
99,35,35_7ecbplus.xml,99,1,18,18,17641893957687535
100,35,35_7ecbplus.xml,100,3,35,37,17641874250660065
101,35,35_7ecbplus.xml,101,3,38,41,17641893957687535
102,35,35_7ecbplus.xml,102,3,51,51,17641874250660065
103,35,35_7ecbplus.xml,103,3,52,52,16240238425752332
104,35,35_7ecbplus.xml,104,3,56,59,28633847239189941
105,35,35_7ecbplus.xml,105,4,61,61,17641893957687535
106,35,35_7ecbplus.xml,106,4,67,68,17641946118591245
107,35,35_7ecbplus.xml,107,4,69,76,17641966698097996
108,35,35_7ecbplus.xml,108,4,79,81,17641855361550379
109,35,35_6ecbplus.xml,109,1,36,37,17666737398798582
110,35,35_6ecbplus.xml,110,1,43,43,17641874250660065
111,35,35_6ecbplus.xml,111,1,44,45,17641893957687535
112,35,35_6ecbplus.xml,112,4,69,71,17666737398798582
113,35,35_6ecbplus.xml,113,4,74,74,200000029
114,35,35_6ecbplus.xml,114,4,84,84,17641874250660065
115,35,35_6ecbplus.xml,115,4,85,88,17641893957687535
116,35,35_6ecbplus.xml,116,5,90,90,17641893957687535
117,35,35_6ecbplus.xml,117,5,107,110,17641966698097996
118,35,35_6ecb.xml,118,0,3,3,17642029846412556
119,35,35_6ecb.xml,119,1,12,13,17642029846412556
120,35,35_6ecb.xml,120,1,16,17,17642124854683404
121,35,35_8ecbplus.xml,121,1,28,28,17641874250660065
122,35,35_8ecbplus.xml,122,1,29,30,17641893957687535
123,35,35_9ecb.xml,123,0,5,6,17642029846412556
124,35,35_9ecb.xml,124,0,15,17,200000033
125,35,35_9ecb.xml,125,0,20,20,200000030
126,35,35_9ecb.xml,126,1,24,24,200000031
127,35,35_9ecb.xml,127,1,26,26,17642029846412556
128,35,35_9ecb.xml,128,1,27,29,200000032
129,35,35_9ecb.xml,129,1,30,31,17642124854683404
130,35,35_9ecb.xml,130,1,34,34,17642029846412556
131,35,35_9ecb.xml,131,1,37,37,17642029846412556
132,35,35_8ecb.xml,132,0,3,3,17642029846412556
133,35,35_8ecb.xml,133,1,14,15,17642029846412556
134,35,35_8ecb.xml,134,1,25,27,17642124854683404
135,35,35_9ecbplus.xml,135,4,71,71,17641893957687535
136,35,35_9ecbplus.xml,136,4,82,82,200000034
137,35,35_9ecbplus.xml,137,4,83,86,17641966698097996
138,34,34_10ecb.xml,0,0,1,1,362200
139,34,34_10ecb.xml,1,0,3,3,200000039
140,34,34_10ecb.xml,2,0,5,5,17209079221902940
141,34,34_10ecb.xml,3,0,12,12,17634097626820205
142,34,34_10ecb.xml,4,4,82,82,17634097626820205
143,34,34_10ecb.xml,5,4,87,87,362200
144,34,34_10ecb.xml,6,4,93,93,200000035
145,34,34_10ecb.xml,7,4,99,100,200000036
146,34,34_10ecb.xml,8,4,102,102,17634097626820205
147,34,34_10ecb.xml,9,4,109,110,17212524027211372
148,34,34_10ecb.xml,10,4,113,115,17634109609806079
149,34,34_10ecb.xml,11,6,130,130,17209079221902940
150,34,34_10ecb.xml,12,6,136,136,17634097626820205
151,34,34_10ecb.xml,13,6,138,138,17209079221902940
152,34,34_10ecb.xml,14,6,143,144,200000037
153,34,34_10ecb.xml,15,6,146,146,17634097626820205
154,34,34_10ecb.xml,16,6,147,150,200000040
155,34,34_10ecb.xml,17,6,151,153,200000038
156,34,34_11ecb.xml,18,0,1,3,17634097626820205
157,34,34_11ecb.xml,19,0,20,21,17634109609806079
158,34,34_11ecb.xml,20,0,24,25,17209079221902940
159,34,34_11ecb.xml,21,0,29,29,200000042
160,34,34_11ecb.xml,22,1,31,31,17634097626820205
161,34,34_11ecb.xml,23,1,44,45,200000041
162,34,34_11ecb.xml,24,1,57,57,200000043
163,34,34_11ecb.xml,25,1,58,59,200000044
164,34,34_11ecb.xml,26,1,60,61,200000045
165,34,34_10ecbplus.xml,27,1,32,32,17209079221902940
166,34,34_10ecbplus.xml,28,1,35,36,17634109609806079
167,34,34_10ecbplus.xml,29,1,38,43,17634086926494905
168,34,34_13ecb.xml,30,0,1,2,17209079221902940
169,34,34_13ecb.xml,31,0,5,7,17634097626820205
170,34,34_13ecb.xml,32,0,8,9,17634109609806079
171,34,34_13ecb.xml,33,0,11,11,200000046
172,34,34_13ecb.xml,34,0,12,12,200000049
173,34,34_13ecb.xml,35,0,15,15,200000050
174,34,34_13ecb.xml,36,1,23,24,200000047
175,34,34_13ecb.xml,37,1,36,36,17634097626820205
176,34,34_13ecb.xml,38,1,39,39,362680
177,34,34_13ecb.xml,39,1,42,43,200000048
178,34,34_13ecb.xml,40,1,44,44,200000051
179,34,34_13ecb.xml,41,1,48,48,200000052
180,34,34_13ecb.xml,42,1,50,50,17634097626820205
181,34,34_12ecb.xml,43,0,1,2,17209079221902940
182,34,34_12ecb.xml,44,0,9,11,17634097626820205
183,34,34_12ecb.xml,45,0,16,16,17212524027211372
184,34,34_12ecb.xml,46,0,20,21,17634109609806079
185,34,34_12ecb.xml,47,1,29,29,362490
186,34,34_12ecb.xml,48,1,33,33,17634097626820205
187,34,34_12ecb.xml,49,1,37,38,17212524027211372
188,34,34_12ecb.xml,50,1,41,41,17634097626820205
189,34,34_12ecb.xml,51,1,45,45,200000053
190,34,34_12ecb.xml,52,1,51,51,17634109609806079
191,34,34_12ecb.xml,53,2,54,54,17634097626820205
192,34,34_12ecb.xml,54,2,63,63,362490
193,34,34_12ecb.xml,55,2,66,66,17634097626820205
194,34,34_12ecb.xml,56,3,76,76,16070611587969207
195,34,34_12ecb.xml,57,3,79,79,17634097626820205
196,34,34_12ecb.xml,58,3,85,88,200000054
197,34,34_11ecbplus.xml,59,1,26,27,17634086926494905
198,34,34_11ecbplus.xml,60,1,28,33,17634109609806079
199,34,34_11ecbplus.xml,61,3,40,41,17209079221902940
200,34,34_11ecbplus.xml,62,3,47,50,17634315013134476
201,34,34_11ecbplus.xml,63,3,56,61,17634109609806079
202,34,34_11ecbplus.xml,64,3,63,64,17634086926494905
203,34,34_12ecbplus.xml,65,1,21,26,17634086926494905
204,34,34_12ecbplus.xml,66,1,30,31,17634109609806079
205,34,34_12ecbplus.xml,67,4,60,62,17634315013134476
206,34,34_12ecbplus.xml,68,4,64,64,17209079221902940
207,34,34_12ecbplus.xml,69,4,67,67,17209079221902940
208,34,34_12ecbplus.xml,70,4,70,75,17634086926494905
209,34,34_12ecbplus.xml,71,4,78,78,200000055
210,34,34_12ecbplus.xml,72,4,79,79,17634086926494905
211,34,34_12ecbplus.xml,73,4,82,82,17634180095063192
212,34,34_12ecbplus.xml,74,4,86,87,17634109609806079
213,34,34_15ecb.xml,75,0,1,3,17634097626820205
214,34,34_15ecb.xml,76,0,17,17,17634097626820205
215,34,34_15ecb.xml,77,0,22,23,17634109609806079
216,34,34_15ecb.xml,78,0,26,26,17634097626820205
217,34,34_15ecb.xml,79,0,47,47,200000056
218,34,34_1ecb.xml,80,0,8,10,17634097626820205
219,34,34_1ecb.xml,81,0,16,17,17212524027211372
220,34,34_1ecb.xml,82,0,23,25,17634109609806079
221,34,34_1ecb.xml,83,0,27,28,16070611587969207
222,34,34_1ecb.xml,84,0,30,30,17636976013891213
223,34,34_16ecb.xml,85,0,2,3,17209079221902940
224,34,34_16ecb.xml,86,0,11,13,17634097626820205
225,34,34_16ecb.xml,87,0,16,18,17634109609806079
226,34,34_16ecb.xml,88,0,22,22,362930
227,34,34_16ecb.xml,89,0,24,25,17636976013891213
228,34,34_16ecb.xml,90,1,27,27,17634097626820205
229,34,34_16ecb.xml,91,1,32,33,17212524027211372
230,34,34_16ecb.xml,92,1,36,36,17634097626820205
231,34,34_16ecb.xml,93,1,46,46,200000059
232,34,34_16ecb.xml,94,1,47,47,17634097626820205
233,34,34_16ecb.xml,95,1,48,51,17634109609806079
234,34,34_16ecb.xml,96,1,55,55,362930
235,34,34_16ecb.xml,97,1,62,62,17209079221902940
236,34,34_16ecb.xml,98,1,67,67,17212524027211372
237,34,34_16ecb.xml,99,2,76,76,200000058
238,34,34_16ecb.xml,100,2,81,81,17634097626820205
239,34,34_16ecb.xml,101,2,92,92,200000057
240,34,34_14ecb.xml,102,0,2,3,17209079221902940
241,34,34_14ecb.xml,103,0,6,6,17634097626820205
242,34,34_14ecb.xml,104,0,8,9,17634109609806079
243,34,34_14ecb.xml,105,0,14,15,17634097626820205
244,34,34_14ecb.xml,106,0,34,35,200000060
245,34,34_2ecb.xml,107,0,8,8,200000062
246,34,34_2ecb.xml,108,0,14,14,200000061
247,34,34_2ecb.xml,109,0,20,21,17209079221902940
248,34,34_2ecb.xml,110,0,24,26,17634097626820205
249,34,34_2ecb.xml,111,0,41,41,200000063
250,34,34_2ecb.xml,112,0,43,44,17634109609806079
251,34,34_2ecbplus.xml,113,1,26,29,17634086926494905
252,34,34_2ecbplus.xml,114,1,33,34,17634109609806079
253,34,34_2ecbplus.xml,115,3,45,45,17209079221902940
254,34,34_2ecbplus.xml,116,3,47,47,17209079221902940
255,34,34_2ecbplus.xml,117,3,51,56,17634109609806079
256,34,34_2ecbplus.xml,118,3,58,61,17634086926494905
257,34,34_2ecbplus.xml,119,3,63,63,17634315013134476
258,34,34_2ecbplus.xml,120,3,64,67,17634300680503542
259,34,34_3ecb.xml,121,0,3,4,17209079221902940
260,34,34_3ecb.xml,122,0,7,9,17634097626820205
261,34,34_3ecb.xml,123,0,11,12,200000064
262,34,34_3ecb.xml,124,0,14,14,16070611587969207
263,34,34_3ecb.xml,125,0,17,18,17634109609806079
264,34,34_1ecbplus.xml,126,4,50,50,17209079221902940
265,34,34_1ecbplus.xml,127,4,54,55,17634109609806079
266,34,34_1ecbplus.xml,128,5,56,56,17634315013134476
267,34,34_1ecbplus.xml,129,5,59,60,17209079221902940
268,34,34_1ecbplus.xml,130,5,62,62,17209079221902940
269,34,34_1ecbplus.xml,131,5,66,69,17634086926494905
270,34,34_1ecbplus.xml,132,5,71,72,17634109609806079
271,34,34_1ecbplus.xml,133,5,74,79,200000065
272,34,34_5ecbplus.xml,134,1,30,30,17636109378642046
273,34,34_5ecbplus.xml,135,1,34,37,17634086926494905
274,34,34_5ecbplus.xml,136,1,39,40,17634109609806079
275,34,34_5ecbplus.xml,137,4,50,52,17636109378642046
276,34,34_5ecbplus.xml,138,4,56,61,17634086926494905
277,34,34_5ecbplus.xml,139,4,69,77,17634109609806079
278,34,34_4ecbplus.xml,140,1,46,46,200000066
279,34,34_4ecbplus.xml,141,1,53,53,17209079221902940
280,34,34_4ecbplus.xml,142,1,56,57,17634086926494905
281,34,34_4ecbplus.xml,143,1,59,60,17634109609806079
282,34,34_4ecbplus.xml,144,3,69,69,17209079221902940
283,34,34_4ecbplus.xml,145,3,72,75,17634086926494905
284,34,34_4ecbplus.xml,146,3,77,82,17634109609806079
285,34,34_4ecbplus.xml,147,3,85,86,17634300680503542
286,34,34_4ecbplus.xml,148,3,88,90,17634315013134476
287,34,34_3ecbplus.xml,149,3,63,64,17209079221902940
288,34,34_3ecbplus.xml,150,3,66,66,17209079221902940
289,34,34_3ecbplus.xml,151,3,69,72,17634086926494905
290,34,34_3ecbplus.xml,152,3,75,75,17634086926494905
291,34,34_3ecbplus.xml,153,3,76,76,17634086926494905
292,34,34_3ecbplus.xml,154,3,78,85,17634169860736271
293,34,34_3ecbplus.xml,155,3,90,95,17634109609806079
294,34,34_3ecbplus.xml,156,3,99,104,17634300680503542
295,34,34_3ecbplus.xml,157,3,105,110,17634315013134476
296,34,34_4ecb.xml,158,0,4,5,17209079221902940
297,34,34_4ecb.xml,159,0,13,15,17634097626820205
298,34,34_4ecb.xml,160,0,21,22,17634109609806079
299,34,34_4ecb.xml,161,0,28,28,200000067
300,34,34_6ecb.xml,162,0,1,3,16070611587969207
301,34,34_6ecb.xml,163,0,5,5,200000069
302,34,34_6ecb.xml,164,0,7,8,17634097626820205
303,34,34_6ecb.xml,165,0,14,15,17212524027211372
304,34,34_6ecb.xml,166,1,17,18,16070611587969207
305,34,34_6ecb.xml,167,1,26,27,17634097626820205
306,34,34_6ecb.xml,168,1,33,33,17634109609806079
307,34,34_6ecb.xml,169,1,36,36,16070611587969207
308,34,34_6ecb.xml,170,1,40,40,200000068
309,34,34_6ecb.xml,171,1,46,46,17640632758867156
310,34,34_6ecb.xml,172,1,61,61,17212524027211372
311,34,34_6ecbplus.xml,173,1,22,22,17209079221902940
312,34,34_6ecbplus.xml,174,1,24,27,17634086926494905
313,34,34_6ecbplus.xml,175,1,31,32,17634109609806079
314,34,34_6ecbplus.xml,176,3,46,46,17209079221902940
315,34,34_6ecbplus.xml,177,3,51,54,17634086926494905
316,34,34_6ecbplus.xml,178,3,57,59,17634109609806079
317,34,34_7ecb.xml,179,0,3,4,17209079221902940
318,34,34_7ecb.xml,180,0,8,9,17634097626820205
319,34,34_7ecb.xml,181,0,23,24,17634109609806079
320,34,34_7ecb.xml,182,0,26,26,16070611587969207
321,34,34_7ecb.xml,183,0,28,28,17636976013891213
322,34,34_7ecbplus.xml,184,1,75,80,17634109609806079
323,34,34_7ecbplus.xml,185,4,106,109,380040
324,34,34_7ecbplus.xml,186,4,112,112,17634086926494905
325,34,34_7ecbplus.xml,187,4,133,138,17634109609806079
326,34,34_8ecbplus.xml,188,2,32,33,17634109609806079
327,34,34_8ecbplus.xml,189,2,35,38,17634086926494905
328,34,34_9ecb.xml,190,0,4,4,17634097626820205
329,34,34_9ecb.xml,191,0,13,14,17209079221902940
330,34,34_9ecb.xml,192,0,24,26,200000071
331,34,34_9ecb.xml,193,0,30,31,17634109609806079
332,34,34_9ecb.xml,194,0,35,35,200000070
333,34,34_9ecb.xml,195,2,61,61,16070611587969207
334,34,34_9ecb.xml,196,2,64,64,17634097626820205
335,34,34_9ecb.xml,197,2,69,70,16070611587969207
336,34,34_9ecb.xml,198,2,74,74,17634097626820205
337,34,34_9ecb.xml,199,2,84,84,200000072
338,34,34_9ecb.xml,200,2,88,88,17212524027211372
339,34,34_9ecb.xml,201,2,91,91,361820
340,34,34_8ecb.xml,202,0,3,4,17634097626820205
341,34,34_8ecb.xml,203,0,12,12,200000073
342,34,34_8ecb.xml,204,0,15,15,200000074
343,34,34_8ecb.xml,205,0,25,26,17634109609806079
344,34,34_8ecb.xml,206,0,31,31,200000075
345,34,34_8ecb.xml,207,0,33,33,17636976013891213
346,34,34_9ecbplus.xml,208,1,29,29,17209079221902940
347,34,34_9ecbplus.xml,209,1,31,33,17634086926494905
348,34,34_9ecbplus.xml,210,1,35,36,17634109609806079
349,34,34_9ecbplus.xml,211,3,56,57,17209079221902940
350,34,34_9ecbplus.xml,212,3,61,61,17209079221902940
351,34,34_9ecbplus.xml,213,3,65,68,17634086926494905
352,34,34_9ecbplus.xml,214,3,66,66,17634180095063192
353,34,34_9ecbplus.xml,215,3,72,77,17634109609806079
354,34,34_9ecbplus.xml,216,5,111,111,17634315013134476
355,34,34_9ecbplus.xml,217,5,114,114,17209079221902940
356,34,34_9ecbplus.xml,218,5,116,116,17209079221902940
357,34,34_9ecbplus.xml,219,5,120,123,17634086926494905
358,34,34_9ecbplus.xml,220,5,125,126,17634109609806079
359,34,34_9ecbplus.xml,221,5,129,131,200000076
360,34,34_9ecbplus.xml,222,5,133,134,17634109609806079
361,18,18_10ecb.xml,0,0,3,3,17731555438182725
362,18,18_10ecbplus.xml,1,6,158,158,17634361679347344
363,18,18_10ecbplus.xml,2,6,165,167,17634402498585457
364,18,18_10ecbplus.xml,3,6,169,171,17634361679347344
365,18,18_10ecbplus.xml,4,6,179,179,200000149
366,18,18_10ecbplus.xml,5,6,180,180,17634361679347344
367,18,18_10ecbplus.xml,6,6,185,186,200000148
368,18,18_10ecbplus.xml,7,6,187,188,17634546349379314
369,18,18_11ecb.xml,8,0,3,3,17731555438182725
370,18,18_11ecb.xml,9,0,17,17,17731705329767162
371,18,18_11ecb.xml,10,0,21,21,17731813980483037
372,18,18_11ecbplus.xml,11,1,25,25,17634361679347344
373,18,18_11ecbplus.xml,12,1,27,29,17634402498585457
374,18,18_11ecbplus.xml,13,3,39,39,17634361679347344
375,18,18_11ecbplus.xml,14,3,44,44,17634402498585457
376,18,18_11ecbplus.xml,15,3,47,47,17644549751498177
377,18,18_11ecbplus.xml,16,3,50,54,17634445205802704
378,18,18_11ecbplus.xml,17,3,57,57,17634361679347344
379,18,18_11ecbplus.xml,18,3,60,61,17634546349379314
380,18,18_11ecbplus.xml,19,3,70,73,17634505935336579
381,18,18_11ecbplus.xml,20,3,76,77,17643674283349250
382,18,18_11ecbplus.xml,21,3,79,79,17634416710632090
383,18,18_13ecb.xml,22,1,28,29,200000150
384,18,18_13ecb.xml,23,1,34,34,17731555438182725
385,18,18_13ecb.xml,24,1,36,38,17731555438182725
386,18,18_13ecb.xml,25,1,45,47,17731582246028489
387,18,18_13ecb.xml,26,1,48,48,17731705329767162
388,18,18_13ecb.xml,27,1,51,53,17731813980483037
389,18,18_12ecb.xml,28,0,1,1,17732500323640198
390,18,18_12ecb.xml,29,0,5,5,17731582246028489
391,18,18_12ecb.xml,30,0,8,8,17731606622223773
392,18,18_12ecb.xml,31,0,14,14,17731813980483037
393,18,18_16ecb.xml,32,0,3,3,17731555438182725
394,18,18_16ecb.xml,33,0,4,5,17731635158909098
395,18,18_1ecbplus.xml,34,1,23,23,200000151
396,18,18_1ecbplus.xml,35,1,29,29,17644549751498177
397,18,18_1ecbplus.xml,36,1,32,32,17644603477119489
398,18,18_1ecbplus.xml,37,3,48,48,17634361679347344
399,18,18_1ecbplus.xml,38,3,53,53,17644549751498177
400,18,18_1ecbplus.xml,39,3,57,57,17644603477119489
401,18,18_1ecbplus.xml,40,3,58,58,17643674283349250
402,18,18_1ecbplus.xml,41,3,59,64,17634445205802704
403,18,18_1ecbplus.xml,42,3,67,67,17634361679347344
404,18,18_1ecbplus.xml,43,3,70,71,17634546349379314
405,18,18_1ecbplus.xml,44,3,73,73,17650310358342983
406,18,18_14ecb.xml,45,0,2,2,17731813980483037
407,18,18_14ecb.xml,46,0,10,10,17731555438182725
408,18,18_14ecb.xml,47,0,18,19,17731705329767162
409,18,18_14ecb.xml,48,1,22,22,17731532645215730
410,18,18_14ecb.xml,49,1,28,28,17731555438182725
411,18,18_14ecb.xml,50,1,33,35,17731582246028489
412,18,18_14ecb.xml,51,1,43,51,17731582246028489
413,18,18_1ecb.xml,52,0,3,3,17731555438182725
414,18,18_1ecb.xml,53,0,9,9,17731606622223773
415,18,18_1ecb.xml,54,0,19,19,17731582246028489
416,18,18_1ecb.xml,55,0,23,23,17731595109995483
417,18,18_1ecb.xml,56,0,27,27,17731813980483037
418,18,18_1ecb.xml,57,0,29,29,17731532645215730
419,18,18_15ecb.xml,58,0,3,3,17731555438182725
420,18,18_15ecb.xml,59,0,11,16,17731582246028489
421,18,18_15ecb.xml,60,0,17,17,17731705329767162
422,18,18_15ecb.xml,61,0,23,23,17731813980483037
423,18,18_15ecb.xml,62,0,27,27,17731532645215730
424,18,18_3ecb.xml,63,0,1,2,17731555438182725
425,18,18_3ecb.xml,64,0,14,14,17731760781196568
426,18,18_3ecb.xml,65,0,18,18,17731595109995483
427,18,18_3ecb.xml,66,0,19,19,17731705329767162
428,18,18_3ecb.xml,67,1,21,21,17731532645215730
429,18,18_3ecb.xml,68,1,23,27,17731555438182725
430,18,18_3ecb.xml,69,1,33,35,17731760781196568
431,18,18_3ecb.xml,70,1,40,44,17731813980483037
432,18,18_3ecbplus.xml,71,1,43,43,17644549751498177
433,18,18_3ecbplus.xml,72,1,46,46,17644603477119489
434,18,18_3ecbplus.xml,73,1,50,50,17634361679347344
435,18,18_3ecbplus.xml,74,3,57,57,17634361679347344
436,18,18_3ecbplus.xml,75,3,62,62,17634402498585457
437,18,18_3ecbplus.xml,76,3,65,65,17644549751498177
438,18,18_3ecbplus.xml,77,3,67,70,17634445205802704
439,18,18_3ecbplus.xml,78,3,71,71,17634445205802704
440,18,18_3ecbplus.xml,79,3,74,75,17634546349379314
441,18,18_3ecbplus.xml,80,3,84,87,17634505935336579
442,18,18_3ecbplus.xml,81,3,88,90,17643674283349250
443,18,18_3ecbplus.xml,82,3,93,93,17634416710632090
444,18,18_2ecb.xml,83,0,4,4,17731555438182725
445,18,18_2ecb.xml,84,0,7,7,17731705329767162
446,18,18_2ecb.xml,85,0,17,17,17731813980483037
447,18,18_2ecb.xml,86,0,19,20,17731582246028489
448,18,18_2ecbplus.xml,87,1,28,28,17644549751498177
449,18,18_2ecbplus.xml,88,1,31,31,17644603477119489
450,18,18_2ecbplus.xml,89,1,34,36,17634445205802704
451,18,18_2ecbplus.xml,90,1,39,39,17650310358342983
452,18,18_2ecbplus.xml,91,1,41,41,17634361679347344
453,18,18_2ecbplus.xml,92,1,44,44,17634445205802704
454,18,18_2ecbplus.xml,93,3,56,56,17634361679347344
455,18,18_2ecbplus.xml,94,3,61,61,17634402498585457
456,18,18_2ecbplus.xml,95,3,62,65,17634445205802704
457,18,18_2ecbplus.xml,96,3,66,66,17634445205802704
458,18,18_2ecbplus.xml,97,3,67,67,17634361679347344
459,18,18_2ecbplus.xml,98,3,72,75,17634505935336579
460,18,18_2ecbplus.xml,99,3,83,83,17634416710632090
461,18,18_4ecb.xml,100,0,3,3,17731555438182725
462,18,18_4ecb.xml,101,0,17,17,17731705329767162
463,18,18_4ecb.xml,102,0,21,21,17731813980483037
464,18,18_4ecb.xml,103,0,23,23,17731532645215730
465,18,18_5ecbplus.xml,104,1,39,39,17634361679347344
466,18,18_5ecbplus.xml,105,1,41,41,17644549751498177
467,18,18_5ecbplus.xml,106,1,44,44,17644603477119489
468,18,18_5ecbplus.xml,107,1,45,47,17634445205802704
469,18,18_5ecbplus.xml,108,3,64,64,17634361679347344
470,18,18_5ecbplus.xml,109,3,68,69,17634546349379314
471,18,18_5ecbplus.xml,110,3,74,74,17644549751498177
472,18,18_5ecbplus.xml,111,3,78,78,17644603477119489
473,18,18_5ecbplus.xml,112,3,79,79,17643674283349250
474,18,18_5ecbplus.xml,113,3,80,84,17634445205802704
475,18,18_5ecbplus.xml,114,3,85,85,17634445205802704
476,18,18_5ecbplus.xml,115,3,86,86,17634361679347344
477,18,18_5ecbplus.xml,116,3,91,91,17643797339882045
478,18,18_5ecbplus.xml,117,3,99,99,17650310358342983
479,18,18_5ecb.xml,118,0,3,3,17731555438182725
480,18,18_5ecb.xml,119,0,8,9,17731582246028489
481,18,18_5ecb.xml,120,0,14,14,17731813980483037
482,18,18_5ecb.xml,121,0,23,23,17731532645215730
483,18,18_5ecb.xml,122,0,25,25,17731606622223773
484,18,18_4ecbplus.xml,123,1,34,34,17634402498585457
485,18,18_4ecbplus.xml,124,1,39,41,200000152
486,18,18_4ecbplus.xml,125,4,62,62,17634361679347344
487,18,18_4ecbplus.xml,126,4,65,65,17634402498585457
488,18,18_4ecbplus.xml,127,4,66,71,17634445205802704
489,18,18_4ecbplus.xml,128,4,72,73,17643674283349250
490,18,18_4ecbplus.xml,129,4,76,76,17643797339882045
491,18,18_4ecbplus.xml,130,4,81,81,17634361679347344
492,18,18_4ecbplus.xml,131,4,83,83,17650310358342983
493,18,18_6ecbplus.xml,132,1,30,30,251170
494,18,18_6ecbplus.xml,133,1,32,32,17634361679347344
495,18,18_6ecbplus.xml,134,1,34,35,17634445205802704
496,18,18_6ecbplus.xml,135,3,60,60,251170
497,18,18_6ecbplus.xml,136,3,61,62,200000153
498,18,18_6ecbplus.xml,137,3,65,65,17634361679347344
499,18,18_6ecbplus.xml,138,3,69,70,17643674283349250
500,18,18_6ecbplus.xml,139,3,73,76,17634445205802704
501,18,18_6ecbplus.xml,140,3,80,80,17644549751498177
502,18,18_6ecbplus.xml,141,3,85,85,17644603477119489
503,18,18_6ecb.xml,142,0,3,3,17731555438182725
504,18,18_6ecb.xml,143,0,10,10,17731813980483037
505,18,18_6ecb.xml,144,1,17,17,17732500323640198
506,18,18_6ecb.xml,145,1,19,21,17731582246028489
507,18,18_6ecb.xml,146,1,24,24,17731606622223773
508,18,18_6ecb.xml,147,1,30,30,17731813980483037
509,18,18_6ecb.xml,148,1,37,37,17732500323640198
510,18,18_6ecb.xml,149,19,361,363,17731555438182725
511,18,18_6ecb.xml,150,19,367,367,17731606622223773
512,18,18_6ecb.xml,151,19,381,381,17731532645215730
513,18,18_8ecb.xml,152,0,2,2,17731813980483037
514,18,18_8ecb.xml,153,0,7,7,17731555438182725
515,18,18_8ecb.xml,154,0,12,12,17731760781196568
516,18,18_8ecb.xml,155,0,18,18,17731595109995483
517,18,18_8ecb.xml,156,0,21,21,17731582246028489
518,18,18_8ecb.xml,157,0,22,23,17731705329767162
519,18,18_7ecbplus.xml,158,1,30,30,17634361679347344
520,18,18_7ecbplus.xml,159,3,49,49,17634361679347344
521,18,18_7ecbplus.xml,160,3,55,55,17644603477119489
522,18,18_7ecbplus.xml,161,3,63,63,17644549751498177
523,18,18_7ecbplus.xml,162,3,64,64,17644549751498177
524,18,18_7ecbplus.xml,163,3,68,68,17634361679347344
525,18,18_7ecbplus.xml,164,3,71,71,200000154
526,18,18_7ecb.xml,165,0,4,4,17731555438182725
527,18,18_7ecb.xml,166,0,10,10,17731760781196568
528,18,18_7ecb.xml,167,0,12,13,17731582246028489
529,18,18_7ecb.xml,168,0,23,23,17731813980483037
530,18,18_7ecb.xml,169,0,25,25,17731532645215730
531,18,18_9ecb.xml,170,0,3,3,17731555438182725
532,18,18_9ecb.xml,171,0,12,13,17731595109995483
533,18,18_9ecb.xml,172,0,16,16,17731582246028489
534,18,18_9ecb.xml,173,0,17,17,17731705329767162
535,18,18_9ecb.xml,174,0,24,24,17731813980483037
536,18,18_8ecbplus.xml,175,1,25,25,17634361679347344
537,18,18_8ecbplus.xml,176,3,36,36,17634361679347344
538,18,18_8ecbplus.xml,177,3,39,39,17643576487705162
539,18,18_8ecbplus.xml,178,3,40,42,200000156
540,18,18_8ecbplus.xml,179,3,43,43,17634361679347344
541,18,18_8ecbplus.xml,180,3,50,52,17634445205802704
542,18,18_8ecbplus.xml,181,3,53,55,17643674283349250
543,18,18_8ecbplus.xml,182,3,61,61,17644603477119489
544,18,18_8ecbplus.xml,183,3,64,64,17644603477119489
545,18,18_8ecbplus.xml,184,3,68,68,17644549751498177
546,18,18_8ecbplus.xml,185,3,70,72,200000155
547,18,18_9ecbplus.xml,186,1,27,28,17634445205802704
548,18,18_9ecbplus.xml,187,1,30,30,17644549751498177
549,18,18_9ecbplus.xml,188,1,33,33,17644603477119489
550,21,21_10ecb.xml,0,1,11,11,18234651370409589
551,21,21_10ecb.xml,1,1,26,26,18234667064501121
552,21,21_10ecb.xml,2,1,27,33,18234736198347328
553,21,21_10ecbplus.xml,3,1,38,38,18048481960258753
554,21,21_10ecbplus.xml,4,3,71,71,200000498
555,21,21_10ecbplus.xml,5,3,74,74,18048481960258753
556,21,21_10ecbplus.xml,6,3,84,84,18048451299991743
557,21,21_10ecbplus.xml,7,3,85,86,18048554549072991
558,21,21_10ecbplus.xml,8,3,87,93,18048634739556877
559,21,21_10ecbplus.xml,9,6,146,146,18048451299991743
560,21,21_10ecbplus.xml,10,6,150,150,18048603777329683
561,21,21_10ecbplus.xml,11,6,156,156,200000499
562,21,21_11ecbplus.xml,12,1,28,28,18048451299991743
563,21,21_11ecbplus.xml,13,1,32,32,18048554549072991
564,21,21_11ecbplus.xml,14,2,37,37,18048451299991743
565,21,21_11ecbplus.xml,15,2,48,48,18048433979655900
566,21,21_11ecbplus.xml,16,2,50,50,18048451299991743
567,21,21_11ecbplus.xml,17,2,55,55,18048481960258753
568,21,21_11ecbplus.xml,18,2,56,57,18048554549072991
569,21,21_11ecbplus.xml,19,2,58,59,18048634739556877
570,21,21_12ecb.xml,20,1,7,7,18234782348743377
571,21,21_12ecb.xml,21,1,11,11,200000500
572,21,21_12ecb.xml,22,1,15,15,18234667064501121
573,21,21_12ecb.xml,23,1,16,16,18234667064501121
574,21,21_12ecb.xml,24,1,19,25,18234736198347328
575,21,21_12ecb.xml,25,1,27,27,18234667064501121
576,21,21_12ecb.xml,26,1,34,34,18234651370409589
577,21,21_11ecb.xml,27,2,51,51,18234651370409589
578,21,21_11ecb.xml,28,2,59,59,18234667064501121
579,21,21_11ecb.xml,29,2,60,65,18234736198347328
580,21,21_11ecb.xml,30,2,69,69,200000501
581,21,21_11ecb.xml,31,2,78,78,200000502
582,21,21_11ecb.xml,32,2,82,82,18234802386646208
583,21,21_11ecb.xml,33,2,84,84,18235174589184323
584,21,21_12ecbplus.xml,34,1,47,47,18048481960258753
585,21,21_12ecbplus.xml,35,1,51,51,18048451299991743
586,21,21_12ecbplus.xml,36,1,59,63,18048554549072991
587,21,21_12ecbplus.xml,37,1,64,64,200000503
588,21,21_12ecbplus.xml,38,1,66,68,200000505
589,21,21_12ecbplus.xml,39,3,119,120,18048481960258753
590,21,21_12ecbplus.xml,40,3,124,127,200000504
591,21,21_12ecbplus.xml,41,3,131,134,28432816437556095
592,21,21_12ecbplus.xml,42,3,137,138,18048634739556877
593,21,21_12ecbplus.xml,43,3,141,142,18048451299991743
594,21,21_12ecbplus.xml,44,3,147,151,18049026470716482
595,21,21_12ecbplus.xml,45,3,159,159,18048481960258753
596,21,21_12ecbplus.xml,46,3,164,165,18048571524531961
597,21,21_12ecbplus.xml,47,3,166,170,18048634739556877
598,21,21_12ecbplus.xml,48,3,173,173,18048433979655900
599,21,21_13ecbplus.xml,49,1,30,30,18048451299991743
600,21,21_13ecbplus.xml,50,1,36,36,18616597438078112
601,21,21_13ecbplus.xml,51,1,42,42,18048481960258753
602,21,21_13ecbplus.xml,52,1,47,47,18048433979655900
603,21,21_13ecbplus.xml,53,2,54,54,18048481960258753
604,21,21_13ecbplus.xml,54,2,69,69,200000508
605,21,21_13ecbplus.xml,55,2,74,78,200000509
606,21,21_13ecbplus.xml,56,2,81,81,200000507
607,21,21_13ecbplus.xml,57,2,82,83,18048634739556877
608,21,21_13ecbplus.xml,58,2,87,87,18048451299991743
609,21,21_13ecbplus.xml,59,2,94,94,18048571524531961
610,21,21_13ecbplus.xml,60,2,97,97,18048481960258753
611,21,21_13ecbplus.xml,61,2,104,104,18048433979655900
612,21,21_13ecbplus.xml,62,2,110,110,200000506
613,21,21_13ecbplus.xml,63,3,113,116,18048481960258753
614,21,21_13ecbplus.xml,64,3,119,127,18048603777329683
615,21,21_13ecbplus.xml,65,3,128,133,18048634739556877
616,21,21_13ecbplus.xml,66,3,136,136,18048481960258753
617,21,21_13ecbplus.xml,67,3,143,144,18048571524531961
618,21,21_13ecbplus.xml,68,3,146,146,18048571524531961
619,21,21_13ecbplus.xml,69,3,153,153,18048433979655900
620,21,21_1ecbplus.xml,70,1,35,35,18048481960258753
621,21,21_1ecbplus.xml,71,1,37,38,18048554549072991
622,21,21_1ecbplus.xml,72,1,45,45,18048451299991743
623,21,21_1ecbplus.xml,73,3,58,58,18048481960258753
624,21,21_1ecbplus.xml,74,3,66,66,18048571524531961
625,21,21_1ecbplus.xml,75,3,69,72,18048603777329683
626,21,21_1ecbplus.xml,76,3,78,78,18048451299991743
627,21,21_1ecbplus.xml,77,4,84,84,18048589567758390
628,21,21_1ecbplus.xml,78,4,91,92,18048481960258753
629,21,21_1ecbplus.xml,79,4,95,95,18048481960258753
630,21,21_1ecbplus.xml,80,4,96,96,18049749966366568
631,21,21_1ecbplus.xml,81,4,98,103,18048603777329683
632,21,21_1ecbplus.xml,82,4,104,104,18048634739556877
633,21,21_1ecbplus.xml,83,4,106,106,18048481960258753
634,21,21_1ecbplus.xml,84,4,112,113,18048571524531961
635,21,21_1ecbplus.xml,85,4,117,119,28435487284693762
636,21,21_2ecb.xml,86,1,13,13,18234667064501121
637,21,21_2ecb.xml,87,1,15,16,18234701766858346
638,21,21_2ecb.xml,88,1,23,23,18234651370409589
639,21,21_2ecb.xml,89,1,24,28,18234736198347328
640,21,21_2ecb.xml,90,1,33,33,200000511
641,21,21_2ecb.xml,91,1,35,37,200000510
642,21,21_14ecbplus.xml,92,1,33,33,18048451299991743
643,21,21_14ecbplus.xml,93,3,53,53,18048451299991743
644,21,21_14ecbplus.xml,94,3,69,69,18048481960258753
645,21,21_14ecbplus.xml,95,3,70,71,18048554549072991
646,21,21_14ecbplus.xml,96,3,72,73,18048634739556877
647,21,21_14ecbplus.xml,97,3,75,77,18048433979655900
648,21,21_2ecbplus.xml,98,1,22,22,18048554549072991
649,21,21_2ecbplus.xml,99,1,27,27,18048481960258753
650,21,21_2ecbplus.xml,100,3,35,35,18048433979655900
651,21,21_2ecbplus.xml,101,3,38,38,18048451299991743
652,21,21_2ecbplus.xml,102,3,50,50,18048481960258753
653,21,21_2ecbplus.xml,103,3,51,52,18048554549072991
654,21,21_2ecbplus.xml,104,3,53,55,18048634739556877
655,21,21_2ecbplus.xml,105,4,56,56,18048433979655900
656,21,21_2ecbplus.xml,106,4,62,63,18048481960258753
657,21,21_2ecbplus.xml,107,4,80,85,18048634739556877
658,21,21_1ecb.xml,108,3,35,35,18234667064501121
659,21,21_1ecb.xml,109,3,41,41,18234651370409589
660,21,21_1ecb.xml,110,3,42,43,18234701766858346
661,21,21_1ecb.xml,111,3,44,51,18234736198347328
662,21,21_1ecb.xml,112,3,57,57,18234651370409589
663,21,21_1ecb.xml,113,3,61,61,200000512
664,21,21_1ecb.xml,114,3,66,66,18234651370409589
665,21,21_3ecbplus.xml,115,1,37,37,18048481960258753
666,21,21_3ecbplus.xml,116,1,47,47,18048451299991743
667,21,21_3ecbplus.xml,117,4,89,89,18048481960258753
668,21,21_3ecbplus.xml,118,4,91,93,18048603777329683
669,21,21_3ecbplus.xml,119,4,99,99,18048634739556877
670,21,21_3ecbplus.xml,120,4,111,111,18048451299991743
671,21,21_3ecbplus.xml,121,4,113,113,18048433979655900
672,21,21_3ecbplus.xml,122,4,115,115,18049435147865956
673,21,21_3ecb.xml,123,1,9,11,331030
674,21,21_3ecb.xml,124,1,14,14,18234802386646208
675,21,21_3ecb.xml,125,1,15,15,18235174589184323
676,21,21_3ecb.xml,126,1,18,18,18234651370409589
677,21,21_3ecb.xml,127,1,19,19,18234651370409589
678,21,21_3ecb.xml,128,1,20,20,331030
679,21,21_3ecb.xml,129,1,26,26,18234667064501121
680,21,21_3ecb.xml,130,1,30,31,18234736198347328
681,21,21_4ecbplus.xml,131,1,33,33,18048433979655900
682,21,21_4ecbplus.xml,132,1,36,36,18048481960258753
683,21,21_4ecbplus.xml,133,4,65,65,18048481960258753
684,21,21_4ecbplus.xml,134,4,72,72,18048451299991743
685,21,21_4ecbplus.xml,135,4,74,74,18048481960258753
686,21,21_4ecbplus.xml,136,4,77,77,18048571524531961
687,21,21_4ecbplus.xml,137,4,83,83,18048433979655900
688,21,21_4ecbplus.xml,138,5,86,87,18048481960258753
689,21,21_4ecbplus.xml,139,5,91,92,18048554549072991
690,21,21_4ecbplus.xml,140,5,98,98,18049749966366568
691,21,21_4ecbplus.xml,141,5,99,105,18048634739556877
692,21,21_4ecbplus.xml,142,5,106,114,18048603777329683
693,21,21_4ecbplus.xml,143,5,116,116,18048481960258753
694,21,21_4ecbplus.xml,144,5,122,123,18048571524531961
695,21,21_4ecbplus.xml,145,5,125,125,18048571524531961
696,21,21_4ecbplus.xml,146,5,129,129,18048433979655900
697,21,21_4ecbplus.xml,147,5,134,135,200000513
698,21,21_4ecb.xml,148,1,13,13,18234651370409589
699,21,21_4ecb.xml,149,1,28,28,18234667064501121
700,21,21_5ecbplus.xml,150,1,42,42,18048481960258753
701,21,21_5ecbplus.xml,151,1,44,45,18048554549072991
702,21,21_5ecbplus.xml,152,1,56,56,18048451299991743
703,21,21_5ecbplus.xml,153,3,78,78,18048451299991743
704,21,21_5ecbplus.xml,154,3,89,89,18048481960258753
705,21,21_5ecbplus.xml,155,3,90,91,18048554549072991
706,21,21_5ecbplus.xml,156,3,96,96,18048481960258753
707,21,21_5ecbplus.xml,157,3,101,101,18048433979655900
708,21,21_5ecbplus.xml,158,6,178,178,18048481960258753
709,21,21_5ecbplus.xml,159,6,186,188,18048603777329683
710,21,21_5ecbplus.xml,160,6,190,190,18048481960258753
711,21,21_5ecbplus.xml,161,6,195,195,18048571524531961
712,21,21_5ecbplus.xml,162,6,199,199,18048433979655900
713,21,21_6ecb.xml,163,2,16,16,18234782348743377
714,21,21_6ecb.xml,164,2,20,20,18234651370409589
715,21,21_6ecb.xml,165,2,28,28,18234667064501121
716,21,21_6ecb.xml,166,3,42,43,18234667064501121
717,21,21_6ecb.xml,167,3,46,46,200000514
718,21,21_6ecb.xml,168,3,52,54,18234736198347328
719,21,21_6ecb.xml,169,3,55,59,18234701766858346
720,21,21_6ecbplus.xml,170,8,187,189,18048634739556877
721,21,21_6ecbplus.xml,171,8,201,202,18048554549072991
722,21,21_6ecbplus.xml,172,9,211,211,18048481960258753
723,21,21_6ecbplus.xml,173,9,216,216,18049749966366568
724,21,21_6ecbplus.xml,174,9,217,222,18048603777329683
725,21,21_6ecbplus.xml,175,9,224,224,18048481960258753
726,21,21_6ecbplus.xml,176,9,229,229,18048571524531961
727,21,21_5ecb.xml,177,1,10,10,18234651370409589
728,21,21_5ecb.xml,178,1,11,11,18234782348743377
729,21,21_5ecb.xml,179,1,20,27,18234736198347328
730,21,21_5ecb.xml,180,1,33,33,200000515
731,21,21_7ecb.xml,181,1,12,12,18234782348743377
732,21,21_7ecb.xml,182,1,14,15,18234651370409589
733,21,21_7ecb.xml,183,1,20,20,200000516
734,21,21_7ecb.xml,184,1,27,29,18234667064501121
735,21,21_7ecb.xml,185,1,30,39,18234736198347328
736,21,21_7ecb.xml,186,1,40,41,18234701766858346
737,21,21_7ecbplus.xml,187,1,34,34,18048481960258753
738,21,21_7ecbplus.xml,188,1,36,37,18048554549072991
739,21,21_7ecbplus.xml,189,1,42,42,18048451299991743
740,21,21_7ecbplus.xml,190,4,68,68,18048481960258753
741,21,21_7ecbplus.xml,191,4,75,75,18048571524531961
742,21,21_7ecbplus.xml,192,4,76,77,18048554549072991
743,21,21_7ecbplus.xml,193,4,78,79,18048634739556877
744,21,21_7ecbplus.xml,194,4,82,82,405880
745,21,21_7ecbplus.xml,195,4,87,87,18048451299991743
746,21,21_7ecbplus.xml,196,4,88,88,18048451299991743
747,21,21_7ecbplus.xml,197,4,90,90,18048481960258753
748,21,21_7ecbplus.xml,198,4,91,95,18048603777329683
749,21,21_7ecbplus.xml,199,5,96,97,18048481960258753
750,21,21_7ecbplus.xml,200,5,104,104,18048571524531961
751,21,21_7ecbplus.xml,201,5,105,113,18048603777329683
752,21,21_9ecb.xml,202,1,8,8,18234782348743377
753,21,21_9ecb.xml,203,1,11,11,18234651370409589
754,21,21_9ecb.xml,204,1,12,12,18234782348743377
755,21,21_9ecb.xml,205,1,20,20,18234651370409589
756,21,21_9ecb.xml,206,1,25,25,18234667064501121
757,21,21_9ecb.xml,207,1,26,32,18234736198347328
758,21,21_8ecb.xml,208,0,1,1,18234782348743377
759,21,21_8ecb.xml,209,0,5,5,200000517
760,21,21_8ecb.xml,210,0,9,9,18234667064501121
761,21,21_8ecb.xml,211,0,13,19,18234736198347328
762,21,21_8ecb.xml,212,0,21,21,18234667064501121
763,21,21_8ecb.xml,213,0,28,28,18234651370409589
764,21,21_8ecbplus.xml,214,1,34,34,18048481960258753
765,21,21_8ecbplus.xml,215,1,36,37,18048554549072991
766,21,21_8ecbplus.xml,216,1,45,45,18048451299991743
767,21,21_8ecbplus.xml,217,2,48,48,18048481960258753
768,21,21_8ecbplus.xml,218,2,56,56,18048571524531961
769,21,21_8ecbplus.xml,219,2,57,57,18048571524531961
770,21,21_8ecbplus.xml,220,2,59,62,18048603777329683
771,21,21_8ecbplus.xml,221,2,63,63,18048634739556877
772,21,21_8ecbplus.xml,222,2,69,69,18048451299991743
773,21,21_9ecbplus.xml,223,1,18,18,18048481960258753
774,21,21_9ecbplus.xml,224,1,29,29,18048451299991743
775,21,21_9ecbplus.xml,225,3,37,37,18048481960258753
776,21,21_9ecbplus.xml,226,3,45,45,18048571524531961
777,21,21_9ecbplus.xml,227,3,46,46,18048571524531961
778,21,21_9ecbplus.xml,228,3,48,51,18048603777329683
779,21,21_9ecbplus.xml,229,3,57,57,18048451299991743
780,21,21_9ecbplus.xml,230,4,63,63,18048589567758390
781,21,21_9ecbplus.xml,231,4,70,71,18048481960258753
782,21,21_9ecbplus.xml,232,4,75,75,18049749966366568
783,21,21_9ecbplus.xml,233,4,77,82,18048603777329683
784,21,21_9ecbplus.xml,234,4,83,83,18048634739556877
785,21,21_9ecbplus.xml,235,4,85,85,18048481960258753
786,21,21_9ecbplus.xml,236,4,91,92,18048571524531961
787,21,21_9ecbplus.xml,237,4,96,98,28435487284693762
788,23,23_10ecb.xml,0,0,1,1,200000925
789,23,23_10ecb.xml,1,0,4,4,18319737183409910
790,23,23_10ecb.xml,2,0,6,6,18319688289991189
791,23,23_10ecb.xml,3,0,10,10,18319674083945732
792,23,23_10ecb.xml,4,0,14,14,200000926
793,23,23_10ecb.xml,5,0,16,20,18241315453418084
794,23,23_2ecb.xml,6,0,2,3,18319674083945732
795,23,23_2ecb.xml,7,0,12,18,18241156396879727
796,23,23_2ecb.xml,8,0,21,21,18320015216897145
797,23,23_1ecb.xml,9,0,3,3,18319688289991189
798,23,23_1ecb.xml,10,0,6,7,18319758995099143
799,23,23_1ecb.xml,11,0,10,11,18241315453418084
800,23,23_1ecb.xml,12,0,15,15,18319674083945732
801,23,23_1ecbplus.xml,13,1,30,30,18241101412566180
802,23,23_1ecbplus.xml,14,1,33,35,18241315453418084
803,23,23_1ecbplus.xml,15,3,54,54,18241101412566180
804,23,23_1ecbplus.xml,16,3,62,66,18241315453418084
805,23,23_1ecbplus.xml,17,4,68,68,18241101412566180
806,23,23_1ecbplus.xml,18,4,71,72,18271475388014972
807,23,23_1ecbplus.xml,19,4,75,79,18241254778801221
808,23,23_1ecbplus.xml,20,7,132,132,18241101412566180
809,23,23_1ecbplus.xml,21,7,139,142,18241906891752760
810,23,23_10ecbplus.xml,22,1,31,31,18241090732508238
811,23,23_10ecbplus.xml,23,2,37,38,18241090732508238
812,23,23_10ecbplus.xml,24,2,45,51,18241315453418084
813,23,23_10ecbplus.xml,25,2,52,54,18241918511925284
814,23,23_10ecbplus.xml,26,4,65,65,18241090732508238
815,23,23_10ecbplus.xml,27,4,71,73,18241115201609163
816,23,23_10ecbplus.xml,28,13,227,229,18241906891752760
817,23,23_10ecbplus.xml,29,13,230,230,18241090732508238
818,23,23_10ecbplus.xml,30,13,240,241,18241101412566180
819,23,23_10ecbplus.xml,31,13,251,258,18241156396879727
820,23,23_11ecbplus.xml,32,1,28,29,18241115201609163
821,23,23_11ecbplus.xml,33,1,32,32,18241090732508238
822,23,23_11ecbplus.xml,34,3,52,52,18241090732508238
823,23,23_11ecbplus.xml,35,3,63,67,18241315453418084
824,23,23_11ecbplus.xml,36,4,71,71,18241090732508238
825,23,23_11ecbplus.xml,37,4,83,85,18241115201609163
826,23,23_11ecbplus.xml,38,12,209,209,18241090732508238
827,23,23_11ecbplus.xml,39,12,212,214,18241918511925284
828,23,23_11ecbplus.xml,40,12,220,221,18241101412566180
829,23,23_11ecbplus.xml,41,12,224,224,18241101412566180
830,23,23_11ecbplus.xml,42,12,230,237,18241156396879727
831,23,23_3ecb.xml,43,0,2,2,200000927
832,23,23_3ecb.xml,44,0,8,8,18319737183409910
833,23,23_3ecb.xml,45,0,9,9,18319674083945732
834,23,23_3ecb.xml,46,0,16,20,18241315453418084
835,23,23_2ecbplus.xml,47,1,31,31,18271427912725627
836,23,23_2ecbplus.xml,48,1,34,35,18241315453418084
837,23,23_2ecbplus.xml,49,4,77,78,200000928
838,23,23_2ecbplus.xml,50,4,81,81,18241090732508238
839,23,23_2ecbplus.xml,51,4,89,98,200000929
840,23,23_2ecbplus.xml,52,15,276,276,18241906891752760
841,23,23_2ecbplus.xml,53,15,285,285,18241101412566180
842,23,23_2ecbplus.xml,54,15,292,294,18241315453418084
843,23,23_2ecbplus.xml,55,16,297,297,18241101412566180
844,23,23_2ecbplus.xml,56,16,300,301,18271475388014972
845,23,23_2ecbplus.xml,57,16,304,308,18241254778801221
846,23,23_3ecbplus.xml,58,1,51,51,18271427912725627
847,23,23_3ecbplus.xml,59,1,56,59,18241115201609163
848,23,23_3ecbplus.xml,60,2,61,61,18241101412566180
849,23,23_3ecbplus.xml,61,2,65,65,18241090732508238
850,23,23_3ecbplus.xml,62,2,71,73,18241115201609163
851,23,23_3ecbplus.xml,63,6,128,129,18241906891752760
852,23,23_3ecbplus.xml,64,6,136,137,18241101412566180
853,23,23_3ecbplus.xml,65,6,146,151,18241156396879727
854,23,23_3ecbplus.xml,66,10,223,224,18241918511925284
855,23,23_3ecbplus.xml,67,10,232,233,18241090732508238
856,23,23_3ecbplus.xml,68,10,236,237,200000931
857,23,23_3ecbplus.xml,69,10,241,242,200000932
858,23,23_3ecbplus.xml,70,10,251,257,26686190003990875
859,23,23_3ecbplus.xml,71,10,260,260,200000930
860,23,23_4ecb.xml,72,0,1,2,18319674083945732
861,23,23_4ecb.xml,73,0,8,8,18319737183409910
862,23,23_4ecb.xml,74,0,21,28,18241315453418084
863,23,23_5ecbplus.xml,75,2,28,28,18241090732508238
864,23,23_5ecbplus.xml,76,2,30,37,18241315453418084
865,23,23_5ecbplus.xml,77,3,40,40,18241090732508238
866,23,23_5ecbplus.xml,78,3,49,54,18241315453418084
867,23,23_5ecbplus.xml,79,3,56,56,200000933
868,23,23_5ecbplus.xml,80,4,61,62,18241090732508238
869,23,23_5ecbplus.xml,81,4,82,83,18241918511925284
870,23,23_5ecbplus.xml,82,13,212,212,18241090732508238
871,23,23_5ecbplus.xml,83,13,215,217,18241918511925284
872,23,23_5ecbplus.xml,84,13,223,224,18241101412566180
873,23,23_5ecbplus.xml,85,13,233,239,18241156396879727
874,23,23_6ecb.xml,86,0,1,2,18319688289991189
875,23,23_6ecb.xml,87,0,5,6,200000934
876,23,23_6ecb.xml,88,0,10,10,18319674083945732
877,23,23_6ecb.xml,89,0,13,13,18319674083945732
878,23,23_6ecb.xml,90,0,16,16,18320015216897145
879,23,23_6ecb.xml,91,0,20,20,18319688289991189
880,23,23_6ecb.xml,92,0,27,29,18241315453418084
881,23,23_5ecb.xml,93,0,3,3,18319688289991189
882,23,23_5ecb.xml,94,0,7,7,18319674083945732
883,23,23_5ecb.xml,95,0,13,17,18241315453418084
884,23,23_5ecb.xml,96,0,19,19,18319688289991189
885,23,23_5ecb.xml,97,0,24,25,18320015216897145
886,23,23_5ecb.xml,98,0,27,29,18241315453418084
887,23,23_4ecbplus.xml,99,2,46,46,18271427912725627
888,23,23_4ecbplus.xml,100,2,51,54,18241115201609163
889,23,23_4ecbplus.xml,101,3,56,56,18241101412566180
890,23,23_4ecbplus.xml,102,3,60,60,18241090732508238
891,23,23_4ecbplus.xml,103,3,66,68,18241115201609163
892,23,23_4ecbplus.xml,104,6,117,118,18241906891752760
893,23,23_4ecbplus.xml,105,6,125,126,18241101412566180
894,23,23_4ecbplus.xml,106,6,140,141,18241156396879727
895,23,23_4ecbplus.xml,107,9,175,176,18241918511925284
896,23,23_4ecbplus.xml,108,9,184,185,18241090732508238
897,23,23_4ecbplus.xml,109,9,198,204,26686190003990875
898,23,23_7ecbplus.xml,110,3,40,40,18271427912725627
899,23,23_7ecbplus.xml,111,3,47,49,18241315453418084
900,23,23_7ecbplus.xml,112,3,50,51,200000939
901,23,23_7ecbplus.xml,113,5,77,77,18241090732508238
902,23,23_7ecbplus.xml,114,5,82,82,18241918511925284
903,23,23_7ecbplus.xml,115,5,83,87,26686190003990875
904,23,23_7ecbplus.xml,116,5,91,91,200000935
905,23,23_7ecbplus.xml,117,5,96,96,18241090732508238
906,23,23_7ecbplus.xml,118,5,99,99,200000936
907,23,23_7ecbplus.xml,119,5,103,103,200000937
908,23,23_7ecbplus.xml,120,7,125,126,200000938
909,23,23_7ecbplus.xml,121,7,133,133,18241101412566180
910,23,23_7ecbplus.xml,122,7,136,138,18241906891752760
911,23,23_6ecbplus.xml,123,1,39,39,18271427912725627
912,23,23_6ecbplus.xml,124,1,41,43,18241115201609163
913,23,23_6ecbplus.xml,125,3,52,52,18241101412566180
914,23,23_6ecbplus.xml,126,3,56,56,18241090732508238
915,23,23_6ecbplus.xml,127,3,62,64,18241115201609163
916,23,23_6ecbplus.xml,128,3,66,66,200000941
917,23,23_6ecbplus.xml,129,3,68,68,200000942
918,23,23_6ecbplus.xml,130,6,116,117,18241906891752760
919,23,23_6ecbplus.xml,131,6,124,125,18241101412566180
920,23,23_6ecbplus.xml,132,6,134,139,18241156396879727
921,23,23_6ecbplus.xml,133,10,209,210,18241918511925284
922,23,23_6ecbplus.xml,134,10,218,219,18241090732508238
923,23,23_6ecbplus.xml,135,10,226,231,26686190003990875
924,23,23_6ecbplus.xml,136,10,234,234,200000940
925,23,23_7ecb.xml,137,0,2,2,18319737183409910
926,23,23_7ecb.xml,138,0,3,3,18319688289991189
927,23,23_7ecb.xml,139,0,10,11,18319758995099143
928,23,23_7ecb.xml,140,0,12,21,200000943
929,23,23_7ecb.xml,141,0,25,25,18319674083945732
930,23,23_7ecb.xml,142,0,31,35,18241315453418084
931,23,23_8ecb.xml,143,0,2,2,18319688289991189
932,23,23_8ecb.xml,144,0,6,6,18319674083945732
933,23,23_8ecb.xml,145,0,14,14,18241156396879727
934,23,23_8ecb.xml,146,0,15,17,18241315453418084
935,23,23_8ecb.xml,147,0,25,29,18319758995099143
936,23,23_8ecb.xml,148,0,31,33,18241315453418084
937,23,23_9ecb.xml,149,0,3,3,18319688289991189
938,23,23_9ecb.xml,150,0,6,7,18319758995099143
939,23,23_9ecb.xml,151,0,10,11,18241315453418084
940,23,23_9ecb.xml,152,0,15,15,18319674083945732
941,23,23_9ecb.xml,153,0,23,23,18319688289991189
942,23,23_8ecbplus.xml,154,1,29,29,18241090732508238
943,23,23_8ecbplus.xml,155,1,31,35,18241315453418084
944,23,23_8ecbplus.xml,156,3,45,45,18241090732508238
945,23,23_8ecbplus.xml,157,3,49,49,18241090732508238
946,23,23_8ecbplus.xml,158,3,51,56,18241315453418084
947,23,23_8ecbplus.xml,159,10,218,218,18241101412566180
948,23,23_8ecbplus.xml,160,10,220,223,18241906891752760
949,23,23_8ecbplus.xml,161,10,225,225,18241101412566180
950,23,23_8ecbplus.xml,162,10,235,235,200000944
951,23,23_9ecbplus.xml,163,1,37,37,18241101412566180
952,23,23_9ecbplus.xml,164,1,41,43,18241115201609163
953,23,23_9ecbplus.xml,165,3,59,59,18241101412566180
954,23,23_9ecbplus.xml,166,3,61,62,18241906891752760
955,2,2_11ecb.xml,0,0,4,4,16239986301894968
956,2,2_11ecb.xml,1,0,5,6,16268764752302323
957,2,2_11ecb.xml,2,0,8,9,16269645336595420
958,2,2_11ecb.xml,3,0,12,12,16269645336595420
959,2,2_11ecb.xml,4,0,24,24,200001047
960,2,2_11ecb.xml,5,0,33,33,16268789034067364
961,2,2_1ecb.xml,6,0,6,7,16269645336595420
962,2,2_1ecb.xml,7,0,15,16,16268672895915478
963,2,2_11ecbplus.xml,8,2,47,47,16239986301894968
964,2,2_11ecbplus.xml,9,2,49,50,16239999045287365
965,2,2_11ecbplus.xml,10,2,53,53,16239999045287365
966,2,2_11ecbplus.xml,11,4,61,61,16239986301894968
967,2,2_11ecbplus.xml,12,4,69,70,16240223291391483
968,2,2_11ecbplus.xml,13,4,72,73,16239999045287365
969,2,2_11ecbplus.xml,14,4,81,81,16239999045287365
970,2,2_11ecbplus.xml,15,4,84,84,16239999045287365
971,2,2_11ecbplus.xml,16,4,85,85,16240238425752332
972,2,2_10ecbplus.xml,17,1,27,28,16239999045287365
973,2,2_10ecbplus.xml,18,3,42,42,16239999045287365
974,2,2_10ecbplus.xml,19,3,45,45,200001048
975,2,2_10ecbplus.xml,20,4,51,51,16239999045287365
976,2,2_10ecbplus.xml,21,4,58,59,16239999045287365
977,2,2_3ecb.xml,22,1,33,34,16269645336595420
978,2,2_3ecb.xml,23,1,42,42,200001049
979,2,2_3ecb.xml,24,1,48,48,200001050
980,2,2_3ecb.xml,25,1,51,51,200001051
981,2,2_3ecb.xml,26,1,56,56,16269645336595420
982,2,2_3ecb.xml,27,1,66,72,16239986301894968
983,2,2_3ecb.xml,28,1,75,75,16268764752302323
984,2,2_2ecbplus.xml,29,1,32,33,16239999045287365
985,2,2_2ecbplus.xml,30,1,36,36,16246737301517512
986,2,2_2ecbplus.xml,31,3,42,43,16239999045287365
987,2,2_2ecbplus.xml,32,3,51,53,16246827722724791
988,2,2_2ecbplus.xml,33,3,56,56,16239986301894968
989,2,2_2ecbplus.xml,34,3,59,59,16239999045287365
990,2,2_2ecbplus.xml,35,3,63,63,16240238425752332
991,2,2_2ecbplus.xml,36,4,68,68,16239999045287365
992,2,2_2ecbplus.xml,37,4,74,74,16239999045287365
993,2,2_2ecbplus.xml,38,4,76,76,16246750076381642
994,2,2_3ecbplus.xml,39,1,29,30,16239999045287365
995,2,2_3ecbplus.xml,40,3,40,41,16239999045287365
996,2,2_3ecbplus.xml,41,3,47,49,16240238425752332
997,2,2_3ecbplus.xml,42,3,50,51,16246737301517512
998,2,2_3ecbplus.xml,43,3,54,54,16239986301894968
999,2,2_3ecbplus.xml,44,3,56,56,16246750076381642
1000,2,2_3ecbplus.xml,45,4,58,58,16253644588390514
1001,2,2_3ecbplus.xml,46,4,63,64,16239999045287365
1002,2,2_3ecbplus.xml,47,4,71,72,16253653237720124
1003,2,2_3ecbplus.xml,48,4,74,75,16253661053941675
1004,2,2_1ecbplus.xml,49,1,25,26,16239999045287365
1005,2,2_1ecbplus.xml,50,3,41,42,16239999045287365
1006,2,2_1ecbplus.xml,51,3,45,45,16239999045287365
1007,2,2_1ecbplus.xml,52,3,51,52,16246737301517512
1008,2,2_1ecbplus.xml,53,4,58,58,16240238425752332
1009,2,2_1ecbplus.xml,54,4,66,67,16246761877336408
1010,2,2_2ecb.xml,55,4,105,106,16268764752302323
1011,2,2_2ecb.xml,56,4,109,109,16239986301894968
1012,2,2_2ecb.xml,57,4,117,118,16269645336595420
1013,2,2_2ecb.xml,58,4,121,121,16269645336595420
1014,2,2_2ecb.xml,59,4,123,123,16268847620660951
1015,2,2_2ecb.xml,60,4,125,125,16268855378393417
1016,2,2_4ecb.xml,61,2,61,61,16269645336595420
1017,2,2_4ecb.xml,62,2,64,64,16268764752302323
1018,2,2_4ecb.xml,63,2,67,67,16269645336595420
1019,2,2_4ecb.xml,64,2,79,79,16270164814802626
1020,2,2_4ecb.xml,65,2,84,84,200001052
1021,2,2_5ecbplus.xml,66,1,30,31,16239999045287365
1022,2,2_5ecbplus.xml,67,1,35,35,16239999045287365
1023,2,2_5ecbplus.xml,68,1,37,37,16246737301517512
1024,2,2_5ecbplus.xml,69,3,52,53,16239999045287365
1025,2,2_5ecbplus.xml,70,4,60,60,16239999045287365
1026,2,2_5ecbplus.xml,71,4,64,64,16239999045287365
1027,2,2_5ecbplus.xml,72,4,70,71,200001053
1028,2,2_5ecbplus.xml,73,4,72,73,16246750076381642
1029,2,2_5ecb.xml,74,1,33,39,16239986301894968
1030,2,2_5ecb.xml,75,1,41,41,16239986301894968
1031,2,2_5ecb.xml,76,1,48,48,16268981462162361
1032,2,2_5ecb.xml,77,1,52,52,16269645336595420
1033,2,2_5ecb.xml,78,1,62,62,200001054
1034,2,2_5ecb.xml,79,1,72,73,16269795463271652
1035,2,2_4ecbplus.xml,80,1,22,23,16239999045287365
1036,2,2_4ecbplus.xml,81,3,37,37,16239999045287365
1037,2,2_4ecbplus.xml,82,3,41,41,16240238425752332
1038,2,2_4ecbplus.xml,83,3,46,46,16239999045287365
1039,2,2_4ecbplus.xml,84,3,48,50,16246792636962802
1040,2,2_4ecbplus.xml,85,4,53,54,16239999045287365
1041,2,2_4ecbplus.xml,86,4,57,58,16246737301517512
1042,2,2_6ecb.xml,87,1,15,15,16268764752302323
1043,2,2_6ecb.xml,88,1,17,18,16269645336595420
1044,2,2_6ecb.xml,89,1,21,22,200001060
1045,2,2_6ecb.xml,90,1,25,25,16269645336595420
1046,2,2_6ecb.xml,91,1,28,28,200001055
1047,2,2_6ecb.xml,92,1,31,31,200001059
1048,2,2_6ecb.xml,93,1,32,32,200001058
1049,2,2_6ecb.xml,94,1,33,33,200001056
1050,2,2_6ecb.xml,95,1,35,35,16269645336595420
1051,2,2_6ecb.xml,96,1,39,42,200001057
1052,2,2_6ecbplus.xml,97,1,39,40,16239999045287365
1053,2,2_6ecbplus.xml,98,1,43,46,16246737301517512
1054,2,2_6ecbplus.xml,99,3,57,57,200001061
1055,2,2_6ecbplus.xml,100,3,61,61,16239999045287365
1056,2,2_6ecbplus.xml,101,3,64,64,16253644588390514
1057,2,2_6ecbplus.xml,102,3,71,71,16246750076381642
1058,2,2_6ecbplus.xml,103,3,73,74,16239999045287365
1059,2,2_6ecbplus.xml,104,3,77,78,16246737301517512
1060,2,2_7ecb.xml,105,0,2,8,16239986301894968
1061,2,2_7ecb.xml,106,0,10,10,16268764752302323
1062,2,2_7ecb.xml,107,0,12,13,16269645336595420
1063,2,2_7ecb.xml,108,0,17,17,16269645336595420
1064,2,2_7ecb.xml,109,0,20,21,16268672895915478
1065,2,2_7ecb.xml,110,0,23,25,16268847620660951
1066,2,2_7ecb.xml,111,0,26,29,16287176782329199
1067,2,2_7ecbplus.xml,112,1,30,31,16239999045287365
1068,2,2_7ecbplus.xml,113,3,49,50,16239999045287365
1069,2,2_7ecbplus.xml,114,3,57,60,16240238425752332
1070,2,2_7ecbplus.xml,115,3,63,64,16253653237720124
1071,2,2_7ecbplus.xml,116,3,66,67,16253661053941675
1072,2,2_7ecbplus.xml,117,3,69,69,16246750076381642
1073,2,2_7ecbplus.xml,118,4,72,72,16253644588390514
1074,2,2_7ecbplus.xml,119,4,77,78,16239999045287365
1075,2,2_7ecbplus.xml,120,4,85,85,16253653237720124
1076,2,2_7ecbplus.xml,121,4,87,87,16253661053941675
1077,2,2_8ecb.xml,122,0,8,9,16269645336595420
1078,2,2_8ecb.xml,123,0,14,15,16268672895915478
1079,2,2_8ecb.xml,124,0,22,22,16268855378393417
1080,2,2_8ecb.xml,125,0,29,29,200001062
1081,2,2_8ecb.xml,126,0,39,39,16269795463271652
1082,2,2_8ecb.xml,127,0,41,41,16269645336595420
1083,2,2_8ecbplus.xml,128,1,27,28,16239999045287365
1084,2,2_8ecbplus.xml,129,1,32,32,16246737301517512
1085,2,2_8ecbplus.xml,130,3,44,45,16239999045287365
1086,2,2_8ecbplus.xml,131,3,49,49,16240238425752332
1087,2,2_8ecbplus.xml,132,3,56,57,16246737301517512
1088,2,2_8ecbplus.xml,133,3,59,59,200001063
1089,2,2_8ecbplus.xml,134,3,61,62,16246750076381642
1090,2,2_8ecbplus.xml,135,3,75,75,16268789034067364
1091,2,2_8ecbplus.xml,136,3,83,84,16240043994885861
1092,2,2_8ecbplus.xml,137,4,86,86,16239999045287365
1093,2,2_8ecbplus.xml,138,4,89,89,16239999045287365
1094,2,2_8ecbplus.xml,139,4,99,99,16246827722724791
1095,2,2_8ecbplus.xml,140,4,103,104,16246761877336408
1096,2,2_8ecbplus.xml,141,4,108,109,200001065
1097,2,2_8ecbplus.xml,142,4,110,110,16239999045287365
1098,2,2_8ecbplus.xml,143,4,119,120,200001064
1099,2,2_9ecbplus.xml,144,1,28,29,16239999045287365
1100,2,2_9ecbplus.xml,145,1,33,34,16246737301517512
1101,2,2_9ecbplus.xml,146,2,38,39,16240238425752332
1102,2,2_9ecbplus.xml,147,2,45,45,16239999045287365
1103,2,2_9ecbplus.xml,148,2,46,46,16239999045287365
1104,2,2_9ecbplus.xml,149,2,51,52,16240043994885861
1105,2,2_9ecbplus.xml,150,2,54,54,16246807819581518
1106,2,2_9ecbplus.xml,151,3,58,59,16239999045287365
1107,2,2_9ecbplus.xml,152,3,61,62,16246750076381642
1108,2,2_9ecbplus.xml,153,3,64,64,16239999045287365
1109,2,2_9ecbplus.xml,154,3,69,69,16239999045287365
1110,2,2_9ecbplus.xml,155,3,75,77,16240238425752332
1111,2,2_9ecbplus.xml,156,3,78,78,16239999045287365
1112,2,2_9ecbplus.xml,157,3,86,88,16246737301517512
1113,2,2_9ecbplus.xml,158,3,92,92,16240043994885861
1114,2,2_9ecb.xml,159,1,68,68,16268764752302323
1115,2,2_9ecb.xml,160,1,78,79,16269645336595420
1116,2,2_9ecb.xml,161,1,84,84,16269645336595420
1117,2,2_9ecb.xml,162,1,91,97,16268847620660951
1118,2,2_9ecb.xml,163,1,100,107,16287176782329199
1119,2,2_9ecb.xml,164,1,109,109,200001066
1120,5,5_10ecb.xml,0,0,1,3,16701709483995952
1121,5,5_10ecb.xml,1,0,6,7,16701728937651191
1122,5,5_10ecb.xml,2,0,9,9,16708557192246661
1123,5,5_10ecb.xml,3,0,15,15,16701709483995952
1124,5,5_10ecb.xml,4,0,25,25,200001117
1125,5,5_12ecb.xml,5,2,34,34,16708557192246661
1126,5,5_12ecb.xml,6,2,36,36,16701728937651191
1127,5,5_12ecb.xml,7,2,43,45,16701709483995952
1128,5,5_13ecb.xml,8,0,3,3,200001119
1129,5,5_13ecb.xml,9,0,8,8,200001118
1130,5,5_13ecb.xml,10,0,9,9,16701709483995952
1131,5,5_13ecb.xml,11,0,13,13,200001120
1132,5,5_13ecb.xml,12,0,23,24,16701728937651191
1133,5,5_13ecb.xml,13,0,26,26,16708557192246661
1134,5,5_11ecb.xml,14,0,1,2,16701728937651191
1135,5,5_11ecb.xml,15,0,10,12,16701709483995952
1136,5,5_11ecb.xml,16,0,15,15,16701709483995952
1137,5,5_11ecb.xml,17,0,18,18,16708967631575533
1138,5,5_11ecb.xml,18,0,22,22,16708612580369884
1139,5,5_10ecbplus.xml,19,1,18,18,16701709483995952
1140,5,5_10ecbplus.xml,20,1,20,21,16701728937651191
1141,5,5_10ecbplus.xml,21,1,24,24,16701728937651191
1142,5,5_10ecbplus.xml,22,2,25,26,16701728937651191
1143,5,5_10ecbplus.xml,23,2,34,34,16701728937651191
1144,5,5_10ecbplus.xml,24,2,37,37,16701709483995952
1145,5,5_14ecb.xml,25,0,1,3,16701709483995952
1146,5,5_14ecb.xml,26,0,6,7,16701728937651191
1147,5,5_14ecb.xml,27,0,8,9,16708557192246661
1148,5,5_14ecb.xml,28,0,13,13,16708967631575533
1149,5,5_14ecb.xml,29,0,17,17,16708612580369884
1150,5,5_2ecb.xml,30,0,1,2,16701728937651191
1151,5,5_2ecb.xml,31,0,5,5,16708557192246661
1152,5,5_2ecb.xml,32,0,9,11,16701709483995952
1153,5,5_2ecb.xml,33,0,17,17,16708967631575533
1154,5,5_2ecb.xml,34,0,18,19,200001121
1155,5,5_1ecbplus.xml,35,1,34,34,16701728937651191
1156,5,5_1ecbplus.xml,36,1,39,40,16701747846943665
1157,5,5_1ecbplus.xml,37,1,47,47,200001123
1158,5,5_1ecbplus.xml,38,1,49,49,16704496640502705
1159,5,5_1ecbplus.xml,39,3,57,58,16703856404579669
1160,5,5_1ecbplus.xml,40,3,65,65,200001122
1161,5,5_1ecbplus.xml,41,3,67,67,16704305821001896
1162,5,5_1ecbplus.xml,42,3,71,72,16701747846943665
1163,5,5_1ecbplus.xml,43,3,76,76,16704496640502705
1164,5,5_1ecbplus.xml,44,3,80,81,16701728937651191
1165,5,5_1ecbplus.xml,45,3,93,93,16701747846943665
1166,5,5_1ecb.xml,46,0,1,2,16701728937651191
1167,5,5_1ecb.xml,47,0,6,7,16701709483995952
1168,5,5_4ecb.xml,48,2,58,59,16701709483995952
1169,5,5_4ecb.xml,49,2,64,64,16708967631575533
1170,5,5_4ecb.xml,50,2,66,66,16701728937651191
1171,5,5_4ecb.xml,51,2,69,70,16708557192246661
1172,5,5_4ecb.xml,52,2,77,77,16701709483995952
1173,5,5_4ecb.xml,53,2,79,81,200001124
1174,5,5_4ecb.xml,54,2,98,98,16701728937651191
1175,5,5_3ecbplus.xml,55,1,18,19,16701709483995952
1176,5,5_3ecbplus.xml,56,1,21,22,16701747846943665
1177,5,5_3ecbplus.xml,57,1,27,28,16701728937651191
1178,5,5_3ecbplus.xml,58,1,29,29,16701728937651191
1179,5,5_3ecb.xml,59,0,7,8,200001125
1180,5,5_3ecb.xml,60,0,12,12,16701709483995952
1181,5,5_3ecb.xml,61,0,15,16,16701728937651191
1182,5,5_3ecb.xml,62,0,21,21,200001126
1183,5,5_2ecbplus.xml,63,1,20,21,16701728937651191
1184,5,5_2ecbplus.xml,64,1,27,27,16701728937651191
1185,5,5_2ecbplus.xml,65,3,40,41,16701728937651191
1186,5,5_2ecbplus.xml,66,3,49,50,16701709483995952
1187,5,5_2ecbplus.xml,67,4,56,64,200001127
1188,5,5_2ecbplus.xml,68,4,67,67,16701709483995952
1189,5,5_2ecbplus.xml,69,4,69,70,16701747846943665
1190,5,5_2ecbplus.xml,70,4,71,72,16704305821001896
1191,5,5_2ecbplus.xml,71,4,73,75,16704496640502705
1192,5,5_2ecbplus.xml,72,4,77,77,16701747846943665
1193,5,5_2ecbplus.xml,73,4,80,80,16701747846943665
1194,5,5_2ecbplus.xml,74,4,82,82,16701728937651191
1195,5,5_2ecbplus.xml,75,4,89,89,16701728937651191
1196,5,5_5ecbplus.xml,76,2,26,28,200001128
1197,5,5_5ecbplus.xml,77,2,33,34,16701709483995952
1198,5,5_5ecbplus.xml,78,2,36,37,16701747846943665
1199,5,5_5ecbplus.xml,79,2,39,39,16701747846943665
1200,5,5_5ecbplus.xml,80,2,44,45,16704496640502705
1201,5,5_5ecbplus.xml,81,2,50,51,16701728937651191
1202,5,5_5ecbplus.xml,82,7,112,112,16702089529879765
1203,5,5_5ecbplus.xml,83,7,114,114,16701728937651191
1204,5,5_5ecbplus.xml,84,7,126,126,16701709483995952
1205,5,5_5ecbplus.xml,85,7,128,128,16701728937651191
1206,5,5_5ecbplus.xml,86,7,131,131,200001129
1207,5,5_6ecb.xml,87,2,57,57,16708557192246661
1208,5,5_6ecb.xml,88,2,59,60,16701728937651191
1209,5,5_6ecb.xml,89,2,67,72,200001130
1210,5,5_4ecbplus.xml,90,1,18,19,16701709483995952
1211,5,5_4ecbplus.xml,91,1,22,23,16701747846943665
1212,5,5_4ecbplus.xml,92,1,26,27,16701728937651191
1213,5,5_4ecbplus.xml,93,3,38,39,16703856404579669
1214,5,5_4ecbplus.xml,94,3,41,41,16704305821001896
1215,5,5_4ecbplus.xml,95,3,43,44,16701747846943665
1216,5,5_4ecbplus.xml,96,3,49,49,16701747846943665
1217,5,5_4ecbplus.xml,97,3,53,53,16701747846943665
1218,5,5_4ecbplus.xml,98,3,56,57,16701709483995952
1219,5,5_5ecb.xml,99,0,1,2,16701728937651191
1220,5,5_5ecb.xml,100,0,6,6,200001131
1221,5,5_5ecb.xml,101,0,13,13,16708612580369884
1222,5,5_5ecb.xml,102,0,17,18,16701709483995952
1223,5,5_5ecb.xml,103,0,22,23,16701728937651191
1224,5,5_5ecb.xml,104,0,27,28,16708557192246661
1225,5,5_6ecbplus.xml,105,11,281,281,16701747846943665
1226,5,5_6ecbplus.xml,106,11,284,286,16702689415548205
1227,5,5_6ecbplus.xml,107,11,292,293,200001133
1228,5,5_6ecbplus.xml,108,11,303,304,200001132
1229,5,5_7ecbplus.xml,109,2,28,28,16701709483995952
1230,5,5_7ecbplus.xml,110,3,33,34,16701747846943665
1231,5,5_7ecbplus.xml,111,3,37,37,16704305821001896
1232,5,5_7ecbplus.xml,112,3,44,45,16702089529879765
1233,5,5_7ecbplus.xml,113,3,46,46,16701728937651191
1234,5,5_9ecb.xml,114,0,1,3,200001134
1235,5,5_9ecb.xml,115,0,7,9,16701709483995952
1236,5,5_9ecb.xml,116,0,15,16,16701728937651191
1237,5,5_8ecbplus.xml,117,1,24,25,16701747846943665
1238,5,5_8ecbplus.xml,118,1,35,35,16701747846943665
1239,5,5_8ecbplus.xml,119,1,36,39,200001137
1240,5,5_8ecbplus.xml,120,1,44,44,16701747846943665
1241,5,5_8ecbplus.xml,121,1,48,48,200001135
1242,5,5_8ecbplus.xml,122,1,49,49,200001138
1243,5,5_8ecbplus.xml,123,2,51,51,16701747846943665
1244,5,5_8ecbplus.xml,124,2,55,55,16701747846943665
1245,5,5_8ecbplus.xml,125,2,59,59,200001139
1246,5,5_8ecbplus.xml,126,2,63,63,200001136
1247,5,5_8ecbplus.xml,127,2,65,65,200001140
1248,5,5_9ecbplus.xml,128,10,211,211,16701709483995952
1249,5,5_9ecbplus.xml,129,10,216,217,200001141
1250,5,5_9ecbplus.xml,130,10,222,223,16701747846943665
1251,5,5_9ecbplus.xml,131,10,225,225,16701747846943665
1252,5,5_9ecbplus.xml,132,10,228,228,240320
1253,5,5_9ecbplus.xml,133,10,233,233,16701747846943665
1254,5,5_9ecbplus.xml,134,10,235,236,16701728937651191
1255,5,5_7ecb.xml,135,0,2,3,200001142
1256,5,5_7ecb.xml,136,0,4,4,200001144
1257,5,5_7ecb.xml,137,0,8,8,16701728937651191
1258,5,5_7ecb.xml,138,0,15,16,16701728937651191
1259,5,5_7ecb.xml,139,0,20,20,200001143
1260,12,12_10ecb.xml,0,0,3,3,17403785688719729
1261,12,12_10ecb.xml,1,0,8,8,17403498594960941
1262,12,12_11ecbplus.xml,2,1,33,34,17399253991302684
1263,12,12_11ecbplus.xml,3,1,39,41,17399309192531980
1264,12,12_11ecbplus.xml,4,3,52,53,17399253991302684
1265,12,12_11ecbplus.xml,5,3,54,55,17399631939610256
1266,12,12_11ecbplus.xml,6,3,61,68,17399309192531980
1267,12,12_13ecb.xml,7,0,3,3,17403785688719729
1268,12,12_13ecb.xml,8,0,6,6,17403498594960941
1269,12,12_13ecb.xml,9,0,8,11,17399309192531980
1270,12,12_13ecb.xml,10,0,16,16,17403484329637243
1271,12,12_13ecb.xml,11,0,22,22,17403559059252907
1272,12,12_13ecb.xml,12,0,25,26,200001145
1273,12,12_10ecbplus.xml,13,1,40,41,17399253991302684
1274,12,12_10ecbplus.xml,14,1,44,44,17399462812994856
1275,12,12_10ecbplus.xml,15,1,46,46,17400441650162544
1276,12,12_10ecbplus.xml,16,3,53,53,17403785688719729
1277,12,12_10ecbplus.xml,17,3,63,63,28315709747028727
1278,12,12_10ecbplus.xml,18,3,65,66,200001146
1279,12,12_11ecb.xml,19,0,3,3,17403785688719729
1280,12,12_11ecb.xml,20,0,5,5,17403785688719729
1281,12,12_11ecb.xml,21,0,8,8,17403498594960941
1282,12,12_11ecb.xml,22,0,13,13,17403484329637243
1283,12,12_11ecb.xml,23,0,15,18,17399309192531980
1284,12,12_11ecb.xml,24,0,20,20,17403559059252907
1285,12,12_11ecb.xml,25,0,23,23,200001147
1286,12,12_11ecb.xml,26,0,32,32,17403498594960941
1287,12,12_12ecb.xml,27,0,8,8,17403809721645960
1288,12,12_12ecb.xml,28,0,10,10,17403559059252907
1289,12,12_12ecb.xml,29,0,17,17,17403484329637243
1290,12,12_12ecb.xml,30,0,19,22,17399309192531980
1291,12,12_12ecb.xml,31,0,30,30,17403498594960941
1292,12,12_12ecb.xml,32,0,47,48,17399309192531980
1293,12,12_17ecb.xml,33,0,6,7,200001148
1294,12,12_17ecb.xml,34,0,11,11,17403785688719729
1295,12,12_17ecb.xml,35,0,13,13,17403559059252907
1296,12,12_17ecb.xml,36,0,16,16,17403498594960941
1297,12,12_17ecb.xml,37,0,26,26,17403498594960941
1298,12,12_15ecb.xml,38,0,1,1,200001149
1299,12,12_15ecb.xml,39,0,7,7,17403785688719729
1300,12,12_15ecb.xml,40,0,9,9,17403785688719729
1301,12,12_15ecb.xml,41,0,13,13,17403498594960941
1302,12,12_15ecb.xml,42,0,15,18,17399309192531980
1303,12,12_14ecb.xml,43,0,3,3,17403785688719729
1304,12,12_14ecb.xml,44,0,7,7,17403498594960941
1305,12,12_14ecb.xml,45,0,12,12,17403484329637243
1306,12,12_14ecb.xml,46,0,18,21,17399309192531980
1307,12,12_16ecb.xml,47,0,1,1,17404649551151542
1308,12,12_16ecb.xml,48,0,5,5,17403809721645960
1309,12,12_16ecb.xml,49,0,6,6,17403559059252907
1310,12,12_16ecb.xml,50,0,8,8,17403498594960941
1311,12,12_16ecb.xml,51,0,13,16,200001151
1312,12,12_16ecb.xml,52,0,21,21,17403498594960941
1313,12,12_16ecb.xml,53,0,26,26,17403785688719729
1314,12,12_16ecb.xml,54,0,29,29,200001150
1315,12,12_1ecb.xml,55,0,3,3,17403785688719729
1316,12,12_1ecb.xml,56,0,5,5,17403559059252907
1317,12,12_1ecb.xml,57,0,7,7,17399342723010115
1318,12,12_1ecb.xml,58,0,12,12,17403484329637243
1319,12,12_1ecb.xml,59,0,16,16,200001152
1320,12,12_1ecb.xml,60,0,18,21,17399309192531980
1321,12,12_1ecb.xml,61,0,24,24,17399342723010115
1322,12,12_2ecb.xml,62,0,2,3,17403785688719729
1323,12,12_2ecb.xml,63,0,11,11,17403484329637243
1324,12,12_2ecb.xml,64,0,15,15,17403498594960941
1325,12,12_2ecb.xml,65,0,17,20,17399309192531980
1326,12,12_2ecb.xml,66,0,22,22,17403559059252907
1327,12,12_2ecb.xml,67,0,28,28,17403498594960941
1328,12,12_2ecb.xml,68,0,30,30,17403541274202682
1329,12,12_18ecb.xml,69,0,3,3,17403785688719729
1330,12,12_18ecb.xml,70,0,5,5,17403559059252907
1331,12,12_18ecb.xml,71,0,6,6,17403785688719729
1332,12,12_18ecb.xml,72,0,10,10,17403498594960941
1333,12,12_18ecb.xml,73,0,12,12,17403498594960941
1334,12,12_18ecb.xml,74,0,18,18,17403484329637243
1335,12,12_18ecb.xml,75,0,20,23,17399309192531980
1336,12,12_1ecbplus.xml,76,2,46,46,17403785688719729
1337,12,12_1ecbplus.xml,77,2,49,49,17399342723010115
1338,12,12_1ecbplus.xml,78,2,51,54,17399309192531980
1339,12,12_1ecbplus.xml,79,3,57,57,17403785688719729
1340,12,12_1ecbplus.xml,80,3,59,62,17399309192531980
1341,12,12_1ecbplus.xml,81,3,63,64,17399631939610256
1342,12,12_1ecbplus.xml,82,3,73,73,17399342723010115
1343,12,12_1ecbplus.xml,83,3,76,76,28315709747028727
1344,12,12_1ecbplus.xml,84,3,81,81,17399342723010115
1345,12,12_1ecbplus.xml,85,3,84,84,200001153
1346,12,12_1ecbplus.xml,86,3,86,86,28316770488812983
1347,12,12_1ecbplus.xml,87,3,96,97,17400629268872587
1348,12,12_19ecb.xml,88,0,12,12,17403785688719729
1349,12,12_19ecb.xml,89,0,14,14,17403559059252907
1350,12,12_19ecb.xml,90,0,18,18,17403498594960941
1351,12,12_19ecb.xml,91,1,22,22,17403809721645960
1352,12,12_19ecb.xml,92,1,28,31,17399309192531980
1353,12,12_19ecb.xml,93,1,34,34,17403498594960941
1354,12,12_19ecb.xml,94,1,39,39,200001154
1355,12,12_19ecb.xml,95,1,42,42,17403484329637243
1356,12,12_19ecb.xml,96,1,45,45,17403498594960941
1357,12,12_3ecbplus.xml,97,1,39,39,17403785688719729
1358,12,12_3ecbplus.xml,98,1,42,45,17399309192531980
1359,12,12_3ecbplus.xml,99,1,49,49,17399342723010115
1360,12,12_3ecbplus.xml,100,3,56,56,17403785688719729
1361,12,12_3ecbplus.xml,101,3,58,61,17399309192531980
1362,12,12_3ecbplus.xml,102,3,62,62,17399631939610256
1363,12,12_3ecbplus.xml,103,3,71,71,17399342723010115
1364,12,12_3ecbplus.xml,104,3,74,74,28315709747028727
1365,12,12_3ecbplus.xml,105,3,79,79,17399342723010115
1366,12,12_3ecbplus.xml,106,3,82,82,17400441650162544
1367,12,12_3ecbplus.xml,107,3,84,84,28316770488812983
1368,12,12_3ecbplus.xml,108,3,94,95,17400629268872587
1369,12,12_4ecb.xml,109,0,3,3,17403785688719729
1370,12,12_4ecb.xml,110,0,6,6,17403498594960941
1371,12,12_4ecb.xml,111,0,11,11,17403484329637243
1372,12,12_4ecb.xml,112,0,15,20,17399309192531980
1373,12,12_4ecb.xml,113,0,25,25,200001155
1374,12,12_4ecb.xml,114,0,29,29,17403559059252907
1375,12,12_4ecb.xml,115,0,32,32,200001157
1376,12,12_4ecb.xml,116,0,36,36,200001158
1377,12,12_4ecb.xml,117,0,38,38,200001156
1378,12,12_2ecbplus.xml,118,1,41,41,17399253991302684
1379,12,12_2ecbplus.xml,119,1,46,48,17399309192531980
1380,12,12_2ecbplus.xml,120,1,51,51,17399342723010115
1381,12,12_2ecbplus.xml,121,3,67,68,17399253991302684
1382,12,12_2ecbplus.xml,122,3,76,78,17399309192531980
1383,12,12_2ecbplus.xml,123,3,82,82,17399462812994856
1384,12,12_2ecbplus.xml,124,3,85,85,17399342723010115
1385,12,12_2ecbplus.xml,125,4,88,88,200001160
1386,12,12_2ecbplus.xml,126,4,91,92,200001159
1387,12,12_2ecbplus.xml,127,4,97,97,17399631939610256
1388,12,12_2ecbplus.xml,128,4,99,100,17399253991302684
1389,12,12_2ecbplus.xml,129,4,107,107,28315709747028727
1390,12,12_3ecb.xml,130,0,6,6,17403498594960941
1391,12,12_3ecb.xml,131,0,8,14,200001161
1392,12,12_3ecb.xml,132,0,16,19,17403809721645960
1393,12,12_3ecb.xml,133,0,28,28,17403484329637243
1394,12,12_3ecb.xml,134,0,30,33,17399309192531980
1395,12,12_3ecb.xml,135,0,42,42,17403498594960941
1396,12,12_5ecbplus.xml,136,3,76,76,17399253991302684
1397,12,12_5ecbplus.xml,137,3,84,88,17399309192531980
1398,12,12_5ecbplus.xml,138,3,95,97,17399616194796258
1399,12,12_5ecbplus.xml,139,3,106,106,17399342723010115
1400,12,12_5ecbplus.xml,140,3,107,108,17399631939610256
1401,12,12_5ecbplus.xml,141,3,113,113,200001162
1402,12,12_4ecbplus.xml,142,1,39,39,17403785688719729
1403,12,12_4ecbplus.xml,143,1,43,43,17399342723010115
1404,12,12_4ecbplus.xml,144,1,44,47,17399309192531980
1405,12,12_4ecbplus.xml,145,3,61,64,17400894383268362
1406,12,12_4ecbplus.xml,146,3,68,68,17399253991302684
1407,12,12_4ecbplus.xml,147,3,78,78,28315709747028727
1408,12,12_4ecbplus.xml,148,3,80,83,17399309192531980
1409,12,12_4ecbplus.xml,149,3,84,85,17400450346650315
1410,12,12_4ecbplus.xml,150,3,89,89,17399342723010115
1411,12,12_4ecbplus.xml,151,3,94,94,17399462812994856
1412,12,12_4ecbplus.xml,152,3,98,98,17400441650162544
1413,12,12_6ecb.xml,153,0,3,3,17403785688719729
1414,12,12_6ecb.xml,154,0,5,5,17403559059252907
1415,12,12_6ecb.xml,155,0,11,15,17399309192531980
1416,12,12_6ecb.xml,156,0,24,24,17403498594960941
1417,12,12_5ecb.xml,157,0,12,15,17399309192531980
1418,12,12_5ecb.xml,158,0,19,20,17403809721645960
1419,12,12_5ecb.xml,159,0,24,24,200001163
1420,12,12_5ecb.xml,160,0,33,33,17403484329637243
1421,12,12_5ecb.xml,161,0,35,35,17403559059252907
1422,12,12_5ecb.xml,162,0,39,39,17403498594960941
1423,12,12_5ecb.xml,163,0,44,44,200001164
1424,12,12_7ecb.xml,164,0,3,3,17403785688719729
1425,12,12_7ecb.xml,165,0,5,5,17403785688719729
1426,12,12_7ecb.xml,166,0,12,12,17403498594960941
1427,12,12_7ecb.xml,167,0,17,17,17403484329637243
1428,12,12_7ecb.xml,168,0,19,22,17399309192531980
1429,12,12_7ecb.xml,169,0,24,24,17403559059252907
1430,12,12_8ecb.xml,170,0,3,3,17403785688719729
1431,12,12_8ecb.xml,171,0,7,7,17403498594960941
1432,12,12_8ecb.xml,172,0,15,15,17403484329637243
1433,12,12_8ecb.xml,173,0,33,33,200001165
1434,12,12_8ecbplus.xml,174,1,39,39,28315709747028727
1435,12,12_8ecbplus.xml,175,1,41,44,17399309192531980
1436,12,12_8ecbplus.xml,176,1,50,50,17399253991302684
1437,12,12_8ecbplus.xml,177,1,51,51,17399253991302684
1438,12,12_8ecbplus.xml,178,1,60,60,17399342723010115
1439,12,12_8ecbplus.xml,179,1,65,65,17399462812994856
1440,12,12_8ecbplus.xml,180,1,69,69,17400441650162544
1441,12,12_8ecbplus.xml,181,1,73,73,200001166
1442,12,12_8ecbplus.xml,182,1,76,76,17400450346650315
1443,12,12_7ecbplus.xml,183,1,42,45,17399309192531980
1444,12,12_7ecbplus.xml,184,3,60,60,17399253991302684
1445,12,12_7ecbplus.xml,185,3,61,62,17399631939610256
1446,12,12_7ecbplus.xml,186,3,65,65,17399462812994856
1447,12,12_7ecbplus.xml,187,3,69,69,17399342723010115
1448,12,12_7ecbplus.xml,188,3,70,74,17399309192531980
1449,12,12_7ecbplus.xml,189,3,81,81,28315709747028727
1450,12,12_6ecbplus.xml,190,1,22,22,17399253991302684
1451,12,12_6ecbplus.xml,191,1,26,26,28315772931412520
1452,12,12_6ecbplus.xml,192,3,49,49,17399253991302684
1453,12,12_6ecbplus.xml,193,3,58,62,17399309192531980
1454,12,12_6ecbplus.xml,194,3,69,71,17399616194796258
1455,12,12_6ecbplus.xml,195,3,74,74,17399253991302684
1456,12,12_6ecbplus.xml,196,3,90,93,17399631939610256
1457,12,12_9ecb.xml,197,0,3,3,17403785688719729
1458,12,12_9ecb.xml,198,0,5,5,17403785688719729
1459,12,12_9ecb.xml,199,0,12,12,17403498594960941
1460,12,12_9ecb.xml,200,0,18,18,17403484329637243
1461,12,12_9ecb.xml,201,0,20,23,17399309192531980
1462,12,12_9ecbplus.xml,202,3,43,43,17399253991302684
1463,12,12_9ecbplus.xml,203,3,52,56,17399309192531980
1464,12,12_9ecbplus.xml,204,3,63,65,17399616194796258
1465,12,12_9ecbplus.xml,205,3,68,68,17399253991302684
1466,12,12_9ecbplus.xml,206,3,84,87,17399631939610256
